{
  "18700": {
    "name": "SSC GD Constable Test Series 2026",
    "videos": 576,
    "size_bytes": 156031159983,
    "size_gb": 145.3
  },
  "18706": {
    "name": "SSC CGL Foundation (Sudarshan 2.0) Batch (From Jaipur Classroom)",
    "videos": 28350,
    "size_bytes": 12590979289499,
    "size_gb": 11726.3
  },
  "19537": {
    "name": "Bihar (\u092a\u0941\u0932\u093f\u0938 \u0938\u093f\u092a\u093e\u0939\u0940) Complete DPP & Notes",
    "videos": 116,
    "size_bytes": 62168261014,
    "size_gb": 57.9
  },
  "19940": {
    "name": "Utkarsh Monthly Magazine(English Medium)",
    "videos": 566,
    "size_bytes": 375937706567,
    "size_gb": 350.1
  },
  "20413": {
    "name": "Railway Technician Grade-I Signal Batch (Recorded From Studio)",
    "videos": 727,
    "size_bytes": 277429833812,
    "size_gb": 258.4
  },
  "20455": {
    "name": "Hindi By Sunil Khokhariya Sir",
    "videos": 713,
    "size_bytes": 495370857651,
    "size_gb": 461.4
  },
  "20687": {
    "name": "Agriculture Supervisor Test Series",
    "videos": 818,
    "size_bytes": 495752700473,
    "size_gb": 461.7
  },
  "20756": {
    "name": "Utkarsh Monthly Magazine(English Medium)",
    "videos": 547,
    "size_bytes": 367154032530,
    "size_gb": 341.9
  },
  "20779": {
    "name": "RAS Mains(English Medium) Notes",
    "videos": 2022,
    "size_bytes": 669809320473,
    "size_gb": 623.8
  },
  "20985": {
    "name": "Utkarsh Monthly Magazine(English Medium)",
    "videos": 258,
    "size_bytes": 207328960223,
    "size_gb": 193.1
  },
  "21043": {
    "name": "RAS Foundation Nirmal Batch 7.0 (From Studio)",
    "videos": 380,
    "size_bytes": 283936318954,
    "size_gb": 264.4
  },
  "21343": {
    "name": "Utkarsh Monthly Magazine(English Medium)",
    "videos": 13,
    "size_bytes": 6123899186,
    "size_gb": 5.7
  },
  "21377": {
    "name": "Utkarsh Monthly Magazine(English Medium)",
    "videos": 165,
    "size_bytes": 49866671613,
    "size_gb": 46.4
  },
  "21382": {
    "name": "Utkarsh Monthly Magazine(English Medium)",
    "videos": 220,
    "size_bytes": 99390590744,
    "size_gb": 92.6
  }
}