{
  "scan_time": "2025-12-27T12:37:23.763136",
  "total_batches": 14,
  "batches": {
    "18700": {
      "batch_name": "SSC/Railway Test Series Master Pass",
      "file": "Batch_18700.txt",
      "total_videos": 668,
      "total_pdfs": 755,
      "section_count": 21,
      "sections": [
        {
          "course_name": "SSC/Railway Test Series Master Pass",
          "course_id": "18700",
          "info": "",
          "video_count": 0,
          "pdf_count": 0
        },
        {
          "course_name": "SSC CGL Tier-1 Test Series 2025",
          "course_id": "18535",
          "info": "2: PDF, 1: Video, 217: Test",
          "video_count": 79,
          "pdf_count": 97
        },
        {
          "course_name": "SSC CGL Tier II Test Series 2024",
          "course_id": "17952",
          "info": "2: PDF, 1: Video, 60: Test",
          "video_count": 17,
          "pdf_count": 33
        },
        {
          "course_name": "RRB NTPC CBT 1 (विजय यात्रा) Test Series",
          "course_id": "17734",
          "info": "3: PDF, 6: Video, 165: Test",
          "video_count": 76,
          "pdf_count": 69
        },
        {
          "course_name": "Railway RRB Group D CBT-1 Test Series",
          "course_id": "18438",
          "info": "2: PDF, 1: Video, 151: Test",
          "video_count": 9,
          "pdf_count": 11
        },
        {
          "course_name": "Delhi Police Constable Test Series",
          "course_id": "18299",
          "info": "2: PDF, 1: Video, 115: TEST",
          "video_count": 36,
          "pdf_count": 34
        },
        {
          "course_name": "RPF SI Test Series 2024",
          "course_id": "17714",
          "info": "2: PDF, 1: Video, 150: Test",
          "video_count": 59,
          "pdf_count": 61
        },
        {
          "course_name": "RPF Constable Test Series 2024",
          "course_id": "17715",
          "info": "1: Video, 2: PDF, 150: Test",
          "video_count": 51,
          "pdf_count": 73
        },
        {
          "course_name": "SSC GD Constable Test Series 2024",
          "course_id": "17652",
          "info": "2: PDF, 41: Video, 199: Test",
          "video_count": 121,
          "pdf_count": 93
        },
        {
          "course_name": "SSC MTS Test Series 2024",
          "course_id": "17648",
          "info": "1: Video, 2: PDF, 20: Test",
          "video_count": 7,
          "pdf_count": 10
        },
        {
          "course_name": "SSC Stenographer Grade C & D Test Series 2024",
          "course_id": "17643",
          "info": "1: Video, 2: PDF, 20: Test",
          "video_count": 5,
          "pdf_count": 12
        },
        {
          "course_name": "SSC CPO Tier-1 Test Series 2025",
          "course_id": "19303",
          "info": "2: PDF, 70: Test",
          "video_count": 25,
          "pdf_count": 40
        },
        {
          "course_name": "SSC Selection Post Phase-13 (Graduation Level) Test Series 2025",
          "course_id": "19394",
          "info": "2: PDF, 61: Test",
          "video_count": 24,
          "pdf_count": 29
        },
        {
          "course_name": "SSC Selection Post Phase-13 (12th Level) Test Series 2025",
          "course_id": "19393",
          "info": "2: PDF, 51: Test",
          "video_count": 22,
          "pdf_count": 26
        },
        {
          "course_name": "SSC Selection Post Phase-13 (10th Level) Test Series 2025",
          "course_id": "19392",
          "info": "2: PDF, 51: Test",
          "video_count": 17,
          "pdf_count": 27
        },
        {
          "course_name": "SSC CHSL Tier-1 Test Series 2025",
          "course_id": "19302",
          "info": "2: PDF, 60: Test",
          "video_count": 28,
          "pdf_count": 22
        },
        {
          "course_name": "RRB ALP Asst. Loco Pilot CBT 1 Test Series 2025",
          "course_id": "19690",
          "info": "2: PDF, 100: Test",
          "video_count": 36,
          "pdf_count": 52
        },
        {
          "course_name": "Delhi Police Constable Test Series",
          "course_id": "20932",
          "info": "2: PDF, 89: Test",
          "video_count": 35,
          "pdf_count": 47
        },
        {
          "course_name": "RRB NTPC CBT 2 (Graduation) Test Series 2025",
          "course_id": "20913",
          "info": "2: PDF, 15: Test",
          "video_count": 7,
          "pdf_count": 9
        },
        {
          "course_name": "RRB NTPC CBT 1 (Vijay Yatra 2.0) Test Series",
          "course_id": "21305",
          "info": "2: PDF, 6: Test",
          "video_count": 6,
          "pdf_count": 2
        },
        {
          "course_name": "SSC GD Constable Test Series 2026",
          "course_id": "21349",
          "info": "2: PDF, 13: Test",
          "video_count": 8,
          "pdf_count": 8
        }
      ]
    },
    "18706": {
      "batch_name": "SSC & Railway Master Pass",
      "file": "Batch_18706.txt",
      "total_videos": 28515,
      "total_pdfs": 28748,
      "section_count": 93,
      "sections": [
        {
          "course_name": "SSC & Railway Master Pass",
          "course_id": "18706",
          "info": "3: Video, 3: PDF",
          "video_count": 3,
          "pdf_count": 3
        },
        {
          "course_name": "SSC CGL Foundation Gaurav Batch (Recorded From Studio)",
          "course_id": "17582",
          "info": "836: PDF, 1036: Video, 1: Live Class Schedule, 128: DPP, 49: Test, 12: Notes",
          "video_count": 169,
          "pdf_count": 161
        },
        {
          "course_name": "SSC CGL Foundation Gaurav Batch 2.0 (From Studio)",
          "course_id": "18440",
          "info": "626: PDF, 1: Live Class Schedule , 682: Video, 37: DPP, 45: Test",
          "video_count": 672,
          "pdf_count": 665
        },
        {
          "course_name": "SSC CGL Foundation Batch (From Jaipur Classroom)",
          "course_id": "18319",
          "info": "775: Video, 1: Live Class Schedule, 777: PDF, 42: Test, 1: Notice",
          "video_count": 786,
          "pdf_count": 782
        },
        {
          "course_name": "SSC CGL/CPO/CHSL Foundation Batch (Recorded From Jodhpur Classroom)",
          "course_id": "17907",
          "info": "510: PDF, 1: Live Class Schedule, 549: Video, 2: Notice, 23: Test",
          "video_count": 554,
          "pdf_count": 519
        },
        {
          "course_name": "SSC CGL Foundation Batch (From Prayagraj Classroom)",
          "course_id": "17707",
          "info": "847: PDF, 798: Video, 1: Live Class Schedule, 43: Test, 2: Notice",
          "video_count": 54,
          "pdf_count": 56
        },
        {
          "course_name": "SSC CGL Tier-1 Test Series 2025",
          "course_id": "18535",
          "info": "2: PDF, 1: Video, 217: Test",
          "video_count": 79,
          "pdf_count": 97
        },
        {
          "course_name": "SSC CGL Tier II Test Series 2024",
          "course_id": "17952",
          "info": "2: PDF, 1: Video, 60: Test",
          "video_count": 17,
          "pdf_count": 33
        },
        {
          "course_name": "SSC GD 90 Days Target Batch (Recorded From Jaipur Classroom)",
          "course_id": "17925",
          "info": "335: PDF, 347: Video, 1: Live Class Schedule, 21: Test, 2: Notice",
          "video_count": 353,
          "pdf_count": 349
        },
        {
          "course_name": "SSC GD Constable Selection Batch (Recorded From Studio)",
          "course_id": "17765",
          "info": "433: PDF, 1: Live Class Schedule, 425: Video",
          "video_count": 418,
          "pdf_count": 428
        },
        {
          "course_name": "SSC GD Constable Test Series 2024",
          "course_id": "17652",
          "info": "2: PDF, 41: Video, 199: Test",
          "video_count": 121,
          "pdf_count": 93
        },
        {
          "course_name": "SSC GD MCQs Batch (From Studio)",
          "course_id": "18247",
          "info": "156: PDF, 1: Live Class Schedule, 154: Video, 9: MCQs PDF",
          "video_count": 154,
          "pdf_count": 165
        },
        {
          "course_name": "Delhi Police Constable Batch (From Studio)",
          "course_id": "18279",
          "info": "668: PDF, 713: Video, 1: Live Class Schedule, 39: Test",
          "video_count": 707,
          "pdf_count": 669
        },
        {
          "course_name": "Delhi Police Constable Test Series",
          "course_id": "18299",
          "info": "2: PDF, 1: Video, 115: TEST",
          "video_count": 36,
          "pdf_count": 34
        },
        {
          "course_name": "Delhi Police Constable Target-2023 Batch (Recorded From Jodhpur Classroom)",
          "course_id": "15034",
          "info": "1: Syllabus, 268: Video , 261: panel pdf, 2: Notice, 18: Test, 8: Practice Set PDF",
          "video_count": 273,
          "pdf_count": 281
        },
        {
          "course_name": "RRB NTPC Express Batch 2.0 (Recorded From Studio)",
          "course_id": "18005",
          "info": "638: PDF, 1: Live Class Schedule, 696: Video, 32: Test",
          "video_count": 702,
          "pdf_count": 650
        },
        {
          "course_name": "RRB NTPC Express 3.0 Batch (From Studio)",
          "course_id": "18402",
          "info": "671: PDF, 1: Live Class Schedule, 693: Video, 39: Test",
          "video_count": 690,
          "pdf_count": 682
        },
        {
          "course_name": "RRB NTPC CBT 1 (विजय यात्रा) Test Series",
          "course_id": "17734",
          "info": "3: PDF, 6: Video, 165: Test",
          "video_count": 76,
          "pdf_count": 69
        },
        {
          "course_name": "RRB NTPC MCQ Batch (Recorded From Studio)",
          "course_id": "18162",
          "info": "172: PDF, 1: Live Class Schedule, 171: Video",
          "video_count": 171,
          "pdf_count": 172
        },
        {
          "course_name": "Railway RPF Sub Inspector & Constable (Recorded From Studio)",
          "course_id": "16603",
          "info": "445: Video, 449: PDF, 1: Live Class Schedule, 1: Notice, 16: Test",
          "video_count": 438,
          "pdf_count": 454
        },
        {
          "course_name": "Railway Sub Inspector (RPF) Batch (Recorded From Jaipur Classroom)",
          "course_id": "15339",
          "info": "451: Video, 458: Panel PDF, 1: Live Class Schedule, 2: Notes, 37: Test",
          "video_count": 463,
          "pdf_count": 447
        },
        {
          "course_name": "Railway Constable (RPF) Batch (Recorded From Jaipur Classroom)",
          "course_id": "15340",
          "info": "454: Video, 460: Panel PDF, 1: Live Class Schedule, 2: Notes, 37: Test",
          "video_count": 466,
          "pdf_count": 449
        },
        {
          "course_name": "RPF SI Test Series 2024",
          "course_id": "17714",
          "info": "2: PDF, 1: Video, 150: Test",
          "video_count": 22,
          "pdf_count": 31
        },
        {
          "course_name": "RPF Constable Test Series 2024",
          "course_id": "17715",
          "info": "1: Video, 2: PDF, 150: Test",
          "video_count": 51,
          "pdf_count": 73
        },
        {
          "course_name": "Railway Group D Lakshya Batch (From Studio)",
          "course_id": "18436",
          "info": "578: PDF, 1: Live Class Schedule, 620: Video, 37: Test",
          "video_count": 614,
          "pdf_count": 576
        },
        {
          "course_name": "Railway RRB Group D CBT-1 Test Series",
          "course_id": "18438",
          "info": "2: PDF, 1: Video, 151: Test",
          "video_count": 57,
          "pdf_count": 70
        },
        {
          "course_name": "Railway Asst. Loco Pilot Diesel Mechanic Theory Batch (Recorded From Jaipur Classroom)",
          "course_id": "16065",
          "info": "1: Live Class Schedule, 510: Video, 518: Panel PDF, 2: Notice, 30: Test",
          "video_count": 509,
          "pdf_count": 531
        },
        {
          "course_name": "Railway Asst. Loco Pilot Electrician Theory Batch (Recorded From Jaipur Classroom)",
          "course_id": "16066",
          "info": "1: Live Class Schedule, 569: Video, 573: Panel PDF, 1: Notice, 30: Test",
          "video_count": 564,
          "pdf_count": 581
        },
        {
          "course_name": "Railway Loco Pilot & Technician Fitter Theory Batch(From Classroom)",
          "course_id": "15066",
          "info": "624: Video, 608: Panel PDF, 1: Notes, 34: Test",
          "video_count": 602,
          "pdf_count": 603
        },
        {
          "course_name": "Railway Asst. Loco Pilot (Diesel Mechanic Trade) Batch (Recorded From Studio)",
          "course_id": "16067",
          "info": "637: PDF, 633: Video , 1: Live Class Schedule, 21: Test, 2: Notes",
          "video_count": 148,
          "pdf_count": 144
        },
        {
          "course_name": "Railway Asst. Loco Pilot (Electrician Trade) Batch(Recorded From Studio)",
          "course_id": "16068",
          "info": "747: PDF, 748: Video , 1: Live Class Schedule, 2: Notes, 21: Test",
          "video_count": 736,
          "pdf_count": 746
        },
        {
          "course_name": "Railway Asst. Loco Pilot (Fitter Trade) Batch (Recorded From Studio)",
          "course_id": "16069",
          "info": "598: PDF, 625: Video , 1: Live Class Schedule, 2: Notes, 21: Test",
          "video_count": 602,
          "pdf_count": 603
        },
        {
          "course_name": "Delhi Police Constable (अवसर) 2.0 Batch (From Studio)",
          "course_id": "18600",
          "info": "504: PDF, 501: Video , 1: Live Class Schedule, 27: Test",
          "video_count": 509,
          "pdf_count": 517
        },
        {
          "course_name": "Railway Group D Lakshya 2.0 Batch (From Studio)",
          "course_id": "18599",
          "info": "429: PDF, 1: Live Class Schedule, 431: Video, 36: Test",
          "video_count": 189,
          "pdf_count": 182
        },
        {
          "course_name": "Cancel Railway Asst. Loco Pilot (Diesel Mechanic Theory) Batch (From Studio)",
          "course_id": "18610",
          "info": "2: PDF",
          "video_count": 0,
          "pdf_count": 2
        },
        {
          "course_name": "Batch Cancel -Railway Asst. Loco Pilot (Electrician Theory) Batch (From Studio)",
          "course_id": "18611",
          "info": "2: PDF",
          "video_count": 0,
          "pdf_count": 2
        },
        {
          "course_name": "Batch Cancel -Batch Cancel -Railway Asst. Loco Pilot (Fitter Theory) Batch (From Studio)",
          "course_id": "18612",
          "info": "2: Pdf",
          "video_count": 0,
          "pdf_count": 2
        },
        {
          "course_name": "Batch Cancel -Railway Asst. Loco Pilot (Electronics & Communication Theory) Batch (From Studio)",
          "course_id": "18613",
          "info": "2: Pdf",
          "video_count": 0,
          "pdf_count": 2
        },
        {
          "course_name": "SSC CGL Foundation Batch (From Jodhpur Classroom)",
          "course_id": "18635",
          "info": "543: PDF, 28: Test, 1: Live Class Schedule, 562: Video , 1: Notice",
          "video_count": 574,
          "pdf_count": 552
        },
        {
          "course_name": "Delhi Police Constable Batch (From Jaipur Classroom)",
          "course_id": "18636",
          "info": "589: PDF, 1: Live Class Schedule, 578: Video, 36: Test, 1: Notice",
          "video_count": 578,
          "pdf_count": 598
        },
        {
          "course_name": "Railway Group D Lakshya 4.0 Batch (From Studio)",
          "course_id": "19306",
          "info": "519: PDF, 1: Live Class Schedule, 521: Video, 34: Test",
          "video_count": 535,
          "pdf_count": 533
        },
        {
          "course_name": "Delhi Police Constable (अवसर) 3.0 Batch (From Studio)",
          "course_id": "19308",
          "info": "540: PDF, 1: Live Class Schedule, 539: Video, 36: Test",
          "video_count": 549,
          "pdf_count": 556
        },
        {
          "course_name": "RRB NTPC MCQ Batch 2.0 (Recorded From Studio)",
          "course_id": "19300",
          "info": "172: PDF, 171: Video",
          "video_count": 171,
          "pdf_count": 172
        },
        {
          "course_name": "Delhi Police Constable Batch (From Jaipur Classroom)",
          "course_id": "19387",
          "info": "564: PDF, 1: Live Class Schedule, 556: Video, 1: Notice, 43: Test",
          "video_count": 569,
          "pdf_count": 580
        },
        {
          "course_name": "SSC CGL Foundation Batch (From Jodhpur Classroom)",
          "course_id": "19388",
          "info": "483: PDF, 1: Live Class Schedule, 489: Video , 23: Test, 1: Notice",
          "video_count": 498,
          "pdf_count": 483
        },
        {
          "course_name": "Railway Asst. Loco Pilot (Diesel Mechanic Theory) Batch (From Studio)",
          "course_id": "19532",
          "info": "539: PDF, 531: Video, 1: Live Class Schedule, 18: Test",
          "video_count": 512,
          "pdf_count": 519
        },
        {
          "course_name": "Railway Asst. Loco Pilot (Electrician Theory) Batch (From Studio)",
          "course_id": "19530",
          "info": "673: PDF, 663: Video, 1: Live Class Schedule, 18: Test",
          "video_count": 650,
          "pdf_count": 665
        },
        {
          "course_name": "Railway Asst. Loco Pilot (Fitter Theory) Batch (From Studio)",
          "course_id": "19531",
          "info": "131: PDF, 129: Video, 1: Live Class Schedule",
          "video_count": 129,
          "pdf_count": 131
        },
        {
          "course_name": "UGC NET/JRF (अभ्यास) June-2025 Political Science {Paper 1 & 2} Revision MCQs Batch",
          "course_id": "19647",
          "info": "33: PDF, 1: Live Class Schedule, 31: Video",
          "video_count": 31,
          "pdf_count": 33
        },
        {
          "course_name": "SSC CGL Foundation Gaurav Batch 4.0 (From Studio)",
          "course_id": "19659",
          "info": "493: PDF, 1: Live Class Schedule, 493: Video, 9: DPP, 26: Test",
          "video_count": 19,
          "pdf_count": 20
        },
        {
          "course_name": "SSC CGL Foundation Gaurav Batch 3.0 (From Studio)",
          "course_id": "19307",
          "info": "472: PDF, 1: Live Class Schedule, 490: Video, 27: DPP, 36: Test",
          "video_count": 436,
          "pdf_count": 451
        },
        {
          "course_name": "SSC CGL Foundation Batch (From Jaipur Classroom)",
          "course_id": "19756",
          "info": "598: PDF, 1: Live Class Schedule, 591: Video, 1: Notice, 19: Test",
          "video_count": 584,
          "pdf_count": 594
        },
        {
          "course_name": "SSC Constable (GD) Batch (From Jaipur Classroom)",
          "course_id": "19758",
          "info": "470: PDF, 1: Live Class Schedule, 471: Video, 25: Test, 1: Notice",
          "video_count": 235,
          "pdf_count": 229
        },
        {
          "course_name": "RRB ALP Asst. Loco Pilot CBT-1 Batch (From Studio)",
          "course_id": "19718",
          "info": "448: PDF, 1: Live Class Schedule, 439: Video, 18: Test",
          "video_count": 46,
          "pdf_count": 48
        },
        {
          "course_name": "RRB ALP Asst. Loco Pilot CBT-1 & CBT-2 (Basic Science & Engineering) Batch (From Studio)",
          "course_id": "19722",
          "info": "479: PDF, 1: Live Class Schedule, 471: Video, 18: Test",
          "video_count": 477,
          "pdf_count": 476
        },
        {
          "course_name": "Delhi Police Constable (अवसर) 4.0 Batch (From Studio)",
          "course_id": "19750",
          "info": "461: PDF, 441: Video, 1: Live Class Schedule, 26: Test",
          "video_count": 450,
          "pdf_count": 474
        },
        {
          "course_name": "SSC CHSL Tier-1 Test Series 2025",
          "course_id": "19302",
          "info": "2: PDF, 60: Test",
          "video_count": 28,
          "pdf_count": 22
        },
        {
          "course_name": "SSC Selection Post Phase-13 (10th Level) Test Series 2025",
          "course_id": "19392",
          "info": "2: PDF, 51: Test",
          "video_count": 17,
          "pdf_count": 27
        },
        {
          "course_name": "SSC Selection Post Phase-13 (12th Level) Test Series 2025",
          "course_id": "19393",
          "info": "2: PDF, 51: Test",
          "video_count": 22,
          "pdf_count": 26
        },
        {
          "course_name": "SSC Selection Post Phase-13 (Graduation Level) Test Series 2025",
          "course_id": "19394",
          "info": "2: PDF, 61: Test",
          "video_count": 24,
          "pdf_count": 29
        },
        {
          "course_name": "SSC Stenographer Grade C & D Test Series 2024",
          "course_id": "17643",
          "info": "1: Video, 2: PDF, 20: Test",
          "video_count": 5,
          "pdf_count": 12
        },
        {
          "course_name": "Delhi Police Constable Batch (From Jaipur Classroom)",
          "course_id": "19757",
          "info": "570: PDF, 1: Live Class Schedule, 555: Video, 1: Notice, 30: Test",
          "video_count": 557,
          "pdf_count": 584
        },
        {
          "course_name": "Railway Group D MCQs Batch (From Studio)",
          "course_id": "19770",
          "info": "172: PDF, 1: Live Class Schedule, 171: Video",
          "video_count": 144,
          "pdf_count": 146
        },
        {
          "course_name": "SSC Selection Post Phase-13 MCQs Batch (From Studio)",
          "course_id": "20130",
          "info": "213: PDF, 1: Live Class Schedule, 212: Video, 1: MCQs PDF",
          "video_count": 179,
          "pdf_count": 181
        },
        {
          "course_name": "SSC CGL 50 Days Target Batch (From Studio)",
          "course_id": "20131",
          "info": "419: PDF, 1: Live Class Schedule, 418: Video, 8: DPP, 9: Test",
          "video_count": 422,
          "pdf_count": 428
        },
        {
          "course_name": "SSC CHSL 60 Days Target Batch (From Studio)",
          "course_id": "20132",
          "info": "426: PDF, 428: Video, 1: Live Class Schedule, 3: DPP, 9: Test",
          "video_count": 416,
          "pdf_count": 423
        },
        {
          "course_name": "SSC CPO 60 Days Target Batch (From Studio)",
          "course_id": "20133",
          "info": "472: PDF, 472: video, 1: Live Class Schedule, 4: DPP, 9: Test",
          "video_count": 463,
          "pdf_count": 465
        },
        {
          "course_name": "SSC MTS 70 Days Target Batch (From Studio)",
          "course_id": "20134",
          "info": "454: PDF, 454: Video, 1: Live Class Schedule, 3: DPP, 9: Test",
          "video_count": 444,
          "pdf_count": 449
        },
        {
          "course_name": "Railway Technician Grade-III Batch (From Studio)",
          "course_id": "20412",
          "info": "375: PDF, 1: Live Class Schedule, 368: Video, 18: Test",
          "video_count": 374,
          "pdf_count": 382
        },
        {
          "course_name": "Railway Technician Grade-I Signal Batch (From Studio)",
          "course_id": "20413",
          "info": "398: PDF, 1: Live Class Schedule, 399: Video, 18: Test",
          "video_count": 271,
          "pdf_count": 270
        },
        {
          "course_name": "Delhi Police Constable (Avasar) 6.0 Batch (From Studio)",
          "course_id": "20409",
          "info": "449: PDF, 435: Video, 1: Live Class Schedule, 16: Test",
          "video_count": 439,
          "pdf_count": 457
        },
        {
          "course_name": "Delhi Police Constable Target Batch (From Studio)",
          "course_id": "20410",
          "info": "452: PDF, 440: Video, 1: Live Classes Schedule, 15: Test",
          "video_count": 440,
          "pdf_count": 464
        },
        {
          "course_name": "Delhi Police Constable 100 Days Target Batch (From Jaipur Classroom)",
          "course_id": "20411",
          "info": "522: PDF, 1: Live Class Schedule, 511: Video, 22: Test, 1: Notice",
          "video_count": 516,
          "pdf_count": 538
        },
        {
          "course_name": "SSC CGL Foundation Batch (From Jodhpur Classroom)",
          "course_id": "20417",
          "info": "483: PDF, 477: Video, 1: Live Class Schedule, 1: Notice, 14: Test",
          "video_count": 144,
          "pdf_count": 144
        },
        {
          "course_name": "SSC MTS MCQs Batch (From Studio)",
          "course_id": "20416",
          "info": "150: PDF, 149: Video",
          "video_count": 122,
          "pdf_count": 123
        },
        {
          "course_name": "SSC CGL Foundation Gaurav Batch 5.0 (From Studio)",
          "course_id": "19995",
          "info": "546: PDF, 1: Live Class Schedule, 549: Video, 3: DPP, 23: Test",
          "video_count": 541,
          "pdf_count": 550
        },
        {
          "course_name": "Railway Group D 50 Days Target Batch (From Studio)",
          "course_id": "20577",
          "info": "434: PDF, 427: Video, 1: Live Class Schedule, 15: Test",
          "video_count": 431,
          "pdf_count": 442
        },
        {
          "course_name": "Intelligence Bureau (IB) ACIO Grade-II Executive (Tier I + II) Batch (From Studio)",
          "course_id": "20578",
          "info": "364: PDF, 365: Video, 1: Live Class Schedule, 14: Test",
          "video_count": 370,
          "pdf_count": 370
        },
        {
          "course_name": "Intelligence Bureau (IB) Security Assistant Executive (Tier I + II) Batch (From Studio)",
          "course_id": "20629",
          "info": "365: PDF, 1: Live Class Schedule, 366: Video, 14: Test",
          "video_count": 373,
          "pdf_count": 369
        },
        {
          "course_name": "SSC GD Batch (From Jodhpur Classroom)",
          "course_id": "20685",
          "info": "288: PDF, 1: Live Class Schedule, 291: Video, 1: Notice, 11: Test",
          "video_count": 297,
          "pdf_count": 294
        },
        {
          "course_name": "Delhi Police Constable Batch (From Jodhpur Classroom)",
          "course_id": "20683",
          "info": "303: PDF, 1: Live Class Schedule, 301: Video, 1: Notice, 10: Test",
          "video_count": 306,
          "pdf_count": 310
        },
        {
          "course_name": "Delhi Police Constable 75 Days Target Batch (From Jaipur Classroom)",
          "course_id": "20681",
          "info": "420: PDF, 394: Video, 1: Notice, 14: Test",
          "video_count": 400,
          "pdf_count": 428
        },
        {
          "course_name": "SSC CGL Foundation (Sudarshan) Batch (From Jaipur Classroom)",
          "course_id": "20678",
          "info": "311: PDF, 1: Live Class Schedule , 308: Video, 1: Notice, 6: Test",
          "video_count": 300,
          "pdf_count": 302
        },
        {
          "course_name": "SSC CGL Foundation (Sudarshan) Batch (From Jodhpur Classroom)",
          "course_id": "20677",
          "info": "285: PDF, 1: Live Class Schedule, 287: Video , 1: Notice, 11: Test",
          "video_count": 293,
          "pdf_count": 291
        },
        {
          "course_name": "Delhi Police Constable 70 Days Target Batch (From Studio)",
          "course_id": "20839",
          "info": "407: PDF, 382: Video, 1: Live Class Schedule, 6: Test",
          "video_count": 380,
          "pdf_count": 414
        },
        {
          "course_name": "Delhi Police Constable Gaurav Batch (From Studio)",
          "course_id": "20987",
          "info": "492: PDF, 456: Video, 1: Live Class Schedule, 7: Test",
          "video_count": 448,
          "pdf_count": 472
        },
        {
          "course_name": "RRB NTPC CBT 2 (Graduation) Test Series 2025",
          "course_id": "20913",
          "info": "2: PDF, 15: Test",
          "video_count": 7,
          "pdf_count": 9
        },
        {
          "course_name": "SSC CGL Foundation (Sudarshan 2.0) Batch (From Jodhpur Classroom)",
          "course_id": "21084",
          "info": "74: PDF, 82: Video, 1: Test, 1: Notice",
          "video_count": 83,
          "pdf_count": 74
        },
        {
          "course_name": "RRB NTPC Graduate & Undergraduate Batch (From Studio)",
          "course_id": "21102",
          "info": "74: PDF, 76: Video, 1: Live Class Schedule",
          "video_count": 76,
          "pdf_count": 74
        },
        {
          "course_name": "SSC GD Gaurav Batch (From Studio)",
          "course_id": "21350",
          "info": "30: PDF, 1: Live Class Schedule, 34: Video",
          "video_count": 31,
          "pdf_count": 30
        },
        {
          "course_name": "SSC Constable (GD) Batch (From Jaipur Classroom)",
          "course_id": "21348",
          "info": "4: PDF, 4: Video",
          "video_count": 4,
          "pdf_count": 5
        },
        {
          "course_name": "SSC GD Batch (From Jodhpur Classroom)",
          "course_id": "21347",
          "info": "41: PDF, 35: Video",
          "video_count": 35,
          "pdf_count": 41
        },
        {
          "course_name": "SSC CGL Foundation (Sudarshan 2.0) Batch (From Jaipur Classroom)",
          "course_id": "21085",
          "info": "71: PDF, 73: Video, 1: Live Class Schedule",
          "video_count": 65,
          "pdf_count": 66
        }
      ]
    },
    "19537": {
      "batch_name": "Bihar (पुलिस सिपाही) 2025 Gaurav Batch",
      "file": "Batch_19537.txt",
      "total_videos": 180,
      "total_pdfs": 125,
      "section_count": 3,
      "sections": [
        {
          "course_name": "Bihar (पुलिस सिपाही) 2025 Gaurav Batch",
          "course_id": "19537",
          "info": "383: PDF, 381: Video, 1: Live Class Schedule, 55: Notes",
          "video_count": 163,
          "pdf_count": 110
        },
        {
          "course_name": "Bihar Police Constable Test Series 2025",
          "course_id": "19523",
          "info": "2: PDF, 27: Test",
          "video_count": 9,
          "pdf_count": 15
        },
        {
          "course_name": "Bihar (पुलिस सिपाही) Complete DPP & Notes",
          "course_id": "19668",
          "info": "8: E-Notes",
          "video_count": 8,
          "pdf_count": 0
        }
      ]
    },
    "19940": {
      "batch_name": "RAS Foundation Nirmal Batch 6.0 (From Studio)",
      "file": "Batch_19940.txt",
      "total_videos": 1336,
      "total_pdfs": 621,
      "section_count": 9,
      "sections": [
        {
          "course_name": "RAS Foundation Nirmal Batch 6.0 (From Studio)",
          "course_id": "19940",
          "info": "363: PDF, 356: Video, 1: Live Class Schedule, 1: Notice, 16: Test",
          "video_count": 251,
          "pdf_count": 246
        },
        {
          "course_name": "RAS Prelims(Hindi Medium) Notes & Quiz",
          "course_id": "9011",
          "info": "210: Notes, 49: Pdf, 63: DPP Video Solution, 192: Test",
          "video_count": 366,
          "pdf_count": 97
        },
        {
          "course_name": "RAS Mains(Hindi Medium) Notes",
          "course_id": "11557",
          "info": "21: PDF, 191: Notes",
          "video_count": 191,
          "pdf_count": 21
        },
        {
          "course_name": "RAS Prelims(English Medium) Notes & Quiz",
          "course_id": "16386",
          "info": "185: Notes, 12: Quiz",
          "video_count": 194,
          "pdf_count": 3
        },
        {
          "course_name": "RAS Mains(English Medium) Notes",
          "course_id": "16866",
          "info": "173: Notes",
          "video_count": 173,
          "pdf_count": 0
        },
        {
          "course_name": "RAS Mains 100 Hour Revision Batch (Recorded From Studio)",
          "course_id": "15799",
          "info": "57: Video, 58: PDF, 1: Link, 1: Test",
          "video_count": 58,
          "pdf_count": 58
        },
        {
          "course_name": "RAS Prelims 2024 MCQ Nirmal Batch (Recorded From Studio)",
          "course_id": "18152",
          "info": "109: PDF, 1: Live Class Schedule, 107: Video",
          "video_count": 103,
          "pdf_count": 103
        },
        {
          "course_name": "Utkarsh Monthly Magazine",
          "course_id": "13080",
          "info": "61: PDF",
          "video_count": 0,
          "pdf_count": 61
        },
        {
          "course_name": "Utkarsh Monthly Magazine(English Medium)",
          "course_id": "13416",
          "info": "31: PDF",
          "video_count": 0,
          "pdf_count": 32
        }
      ]
    },
    "20413": {
      "batch_name": "Railway Technician Grade-I Signal Batch (From Studio)",
      "file": "Batch_20413.txt",
      "total_videos": 845,
      "total_pdfs": 678,
      "section_count": 3,
      "sections": [
        {
          "course_name": "Railway Technician Grade-I Signal Batch (From Studio)",
          "course_id": "20413",
          "info": "402: PDF, 1: Live Class Schedule, 403: Video, 19: Test",
          "video_count": 406,
          "pdf_count": 405
        },
        {
          "course_name": "Railway (Technician) Batch Notes & DPP",
          "course_id": "17169",
          "info": "110: Notes, 125: Test, 6: DPP || PDF",
          "video_count": 192,
          "pdf_count": 24
        },
        {
          "course_name": "Railway Technician Grade-I Signal Batch (Recorded From Studio)",
          "course_id": "16690",
          "info": "497: Video, 490: PDF, 1: Live Class Schedule, 1: Notice, 15: Test",
          "video_count": 247,
          "pdf_count": 249
        }
      ]
    },
    "20455": {
      "batch_name": "RAS Foundation Batch (From Jodhpur Classroom)",
      "file": "Batch_20455.txt",
      "total_videos": 1125,
      "total_pdfs": 764,
      "section_count": 8,
      "sections": [
        {
          "course_name": "RAS Foundation Batch (From Jodhpur Classroom)",
          "course_id": "20455",
          "info": "301: PDF, 309: Video, 2: Live Class Schedule, 1: Notice, 16: Test",
          "video_count": 308,
          "pdf_count": 306
        },
        {
          "course_name": "RAS Prelims(Hindi Medium) Notes & Quiz",
          "course_id": "9011",
          "info": "210: Notes, 49: Pdf, 63: DPP Video Solution, 192: Test",
          "video_count": 366,
          "pdf_count": 97
        },
        {
          "course_name": "RAS Mains(Hindi Medium) Notes",
          "course_id": "11557",
          "info": "21: PDF, 191: Notes",
          "video_count": 191,
          "pdf_count": 21
        },
        {
          "course_name": "RAS Topper Copy",
          "course_id": "4589",
          "info": "6: Link/PDF, 55: PDF",
          "video_count": 0,
          "pdf_count": 55
        },
        {
          "course_name": "RAS Mains 100 Hour Revision Batch (Recorded From Studio)",
          "course_id": "15799",
          "info": "57: Video, 58: PDF, 1: Link, 1: Test",
          "video_count": 58,
          "pdf_count": 58
        },
        {
          "course_name": "RAS Prelims 2024 MCQ Nirmal Batch (Recorded From Studio)",
          "course_id": "18152",
          "info": "109: PDF, 1: Live Class Schedule, 107: Video",
          "video_count": 103,
          "pdf_count": 103
        },
        {
          "course_name": "Complete DPP Book for RAS Foundation",
          "course_id": "20783",
          "info": "23: Test",
          "video_count": 10,
          "pdf_count": 16
        },
        {
          "course_name": "Hindi By Sunil Khokhariya Sir",
          "course_id": "21353",
          "info": "89: Video, 107: Pdf",
          "video_count": 89,
          "pdf_count": 108
        }
      ]
    },
    "20687": {
      "batch_name": "Agriculture Supervisor Batch (From Jaipur Classroom)",
      "file": "Batch_20687.txt",
      "total_videos": 957,
      "total_pdfs": 787,
      "section_count": 4,
      "sections": [
        {
          "course_name": "Agriculture Supervisor Batch (From Jaipur Classroom)",
          "course_id": "20687",
          "info": "256: PDF, 1: Live Class Schedule, 257: Video, 19: Test, 1: Notice",
          "video_count": 265,
          "pdf_count": 265
        },
        {
          "course_name": "Complete Notes & DPP - Agriculture Supervisor",
          "course_id": "13042",
          "info": "103: Notes, 105: Test, 9: PDF, 24: Video",
          "video_count": 180,
          "pdf_count": 36
        },
        {
          "course_name": "Agriculture Supervisor Batch",
          "course_id": "13633",
          "info": "3: Syllabus, 464: Video, 462: Panel Pdf , 30: Notes, 28: Test, 2: Link",
          "video_count": 491,
          "pdf_count": 449
        },
        {
          "course_name": "Agriculture Supervisor Test Series",
          "course_id": "18302",
          "info": "2: PDF, 1: Video, 63: Test",
          "video_count": 21,
          "pdf_count": 37
        }
      ]
    },
    "20756": {
      "batch_name": "RAS Prelims 2025 Batch (From Studio)",
      "file": "Batch_20756.txt",
      "total_videos": 766,
      "total_pdfs": 594,
      "section_count": 5,
      "sections": [
        {
          "course_name": "RAS Prelims 2025 Batch (From Studio)",
          "course_id": "20756",
          "info": "294: PDF, 297: Video, 1: Live Class Schedule, 1: Notice, 12: Test",
          "video_count": 297,
          "pdf_count": 301
        },
        {
          "course_name": "RAS Prelims(Hindi Medium) Notes & Quiz",
          "course_id": "9011",
          "info": "210: Notes, 49: Pdf, 63: DPP Video Solution, 192: Test",
          "video_count": 366,
          "pdf_count": 97
        },
        {
          "course_name": "RAS Prelims 2024 MCQ Nirmal Batch (Recorded From Studio)",
          "course_id": "18152",
          "info": "109: PDF, 1: Live Class Schedule, 107: Video",
          "video_count": 103,
          "pdf_count": 103
        },
        {
          "course_name": "Utkarsh Monthly Magazine",
          "course_id": "13080",
          "info": "61: PDF",
          "video_count": 0,
          "pdf_count": 61
        },
        {
          "course_name": "Utkarsh Monthly Magazine(English Medium)",
          "course_id": "13416",
          "info": "31: PDF",
          "video_count": 0,
          "pdf_count": 32
        }
      ]
    },
    "20779": {
      "batch_name": "Officers Batch For RAS Foundation & Sub Inspector",
      "file": "Batch_20779.txt",
      "total_videos": 2022,
      "total_pdfs": 1003,
      "section_count": 8,
      "sections": [
        {
          "course_name": "Officers Batch For RAS Foundation & Sub Inspector",
          "course_id": "20779",
          "info": "3: PDF",
          "video_count": 0,
          "pdf_count": 3
        },
        {
          "course_name": "Sub Inspector Batch (From Jodhpur Classroom)",
          "course_id": "20018",
          "info": "511: PDF, 524: Video, 1: Live Class Schedule, 1: Notice, 23: Test",
          "video_count": 371,
          "pdf_count": 381
        },
        {
          "course_name": "RAS Foundation Nirmal Batch 6.0 (From Studio)",
          "course_id": "19940",
          "info": "363: PDF, 356: Video, 1: Live Class Schedule, 1: Notice, 16: Test",
          "video_count": 365,
          "pdf_count": 367
        },
        {
          "course_name": "Sub Inspector Complete Notes & DPP",
          "course_id": "18254",
          "info": "275: Notes, 242: Test, 17: PDF",
          "video_count": 362,
          "pdf_count": 131
        },
        {
          "course_name": "RAS Prelims(Hindi Medium) Notes & Quiz",
          "course_id": "9011",
          "info": "210: Notes, 49: Pdf, 63: DPP Video Solution, 192: Test",
          "video_count": 366,
          "pdf_count": 97
        },
        {
          "course_name": "RAS Mains(Hindi Medium) Notes",
          "course_id": "11557",
          "info": "21: PDF, 191: Notes",
          "video_count": 191,
          "pdf_count": 21
        },
        {
          "course_name": "RAS Prelims(English Medium) Notes & Quiz",
          "course_id": "16386",
          "info": "185: Notes, 12: Quiz",
          "video_count": 194,
          "pdf_count": 3
        },
        {
          "course_name": "RAS Mains(English Medium) Notes",
          "course_id": "16866",
          "info": "173: Notes",
          "video_count": 173,
          "pdf_count": 0
        }
      ]
    },
    "20985": {
      "batch_name": "RAS Mains(Hindi Medium) Notes",
      "file": "Batch_20985.txt",
      "total_videos": 451,
      "total_pdfs": 399,
      "section_count": 7,
      "sections": [
        {
          "course_name": "RAS Mains(Hindi Medium) Notes",
          "course_id": "11557",
          "info": "21: PDF, 191: Notes",
          "video_count": 191,
          "pdf_count": 21
        },
        {
          "course_name": "RAS Mains 100 Hour Revision Batch (Recorded From Studio)",
          "course_id": "15799",
          "info": "57: Video, 58: PDF, 1: Link, 1: Test",
          "video_count": 58,
          "pdf_count": 58
        },
        {
          "course_name": "RAS Prelims 2024 MCQ Nirmal Batch (Recorded From Studio)",
          "course_id": "18152",
          "info": "109: PDF, 1: Live Class Schedule, 107: Video",
          "video_count": 103,
          "pdf_count": 103
        },
        {
          "course_name": "Complete DPP Book for RAS Foundation",
          "course_id": "20783",
          "info": "23: Test",
          "video_count": 10,
          "pdf_count": 16
        },
        {
          "course_name": "Hindi By Sunil Khokhariya Sir",
          "course_id": "21353",
          "info": "89: Video, 107: Pdf",
          "video_count": 89,
          "pdf_count": 108
        },
        {
          "course_name": "Utkarsh Monthly Magazine",
          "course_id": "13080",
          "info": "61: PDF",
          "video_count": 0,
          "pdf_count": 61
        },
        {
          "course_name": "Utkarsh Monthly Magazine(English Medium)",
          "course_id": "13416",
          "info": "31: PDF",
          "video_count": 0,
          "pdf_count": 32
        }
      ]
    },
    "21043": {
      "batch_name": "RAS Foundation Nirmal Batch 7.0 (From Studio)",
      "file": "Batch_21043.txt",
      "total_videos": 787,
      "total_pdfs": 433,
      "section_count": 9,
      "sections": [
        {
          "course_name": "RAS Foundation Nirmal Batch 7.0 (From Studio)",
          "course_id": "21043",
          "info": "84: PDF, 88: Video, 1: Live Class Schedule, 1: Notice, 2: Test",
          "video_count": 88,
          "pdf_count": 85
        },
        {
          "course_name": "RAS Prelims(Hindi Medium) Notes & Quiz",
          "course_id": "9011",
          "info": "210: Notes, 49: Pdf, 63: DPP Video Solution, 192: Test",
          "video_count": 83,
          "pdf_count": 38
        },
        {
          "course_name": "RAS Mains(Hindi Medium) Notes",
          "course_id": "11557",
          "info": "21: PDF, 191: Notes",
          "video_count": 0,
          "pdf_count": 0
        },
        {
          "course_name": "RAS Prelims(English Medium) Notes & Quiz",
          "course_id": "16386",
          "info": "185: Notes, 12: Quiz",
          "video_count": 194,
          "pdf_count": 3
        },
        {
          "course_name": "RAS Mains(English Medium) Notes",
          "course_id": "16866",
          "info": "173: Notes",
          "video_count": 173,
          "pdf_count": 0
        },
        {
          "course_name": "RAS Prelims 2024 MCQ Nirmal Batch (Recorded From Studio)",
          "course_id": "18152",
          "info": "109: PDF, 1: Live Class Schedule, 107: Video",
          "video_count": 103,
          "pdf_count": 103
        },
        {
          "course_name": "RAS Mains 100 Hour Revision Batch (Recorded From Studio)",
          "course_id": "15799",
          "info": "57: Video, 58: PDF, 1: Link, 1: Test",
          "video_count": 58,
          "pdf_count": 58
        },
        {
          "course_name": "Utkarsh Monthly Magazine",
          "course_id": "13080",
          "info": "61: PDF",
          "video_count": 0,
          "pdf_count": 61
        },
        {
          "course_name": "RAS Foundation Nirmal Batch 7.0 (From Studio)",
          "course_id": "21043",
          "info": "84: PDF, 88: Video, 1: Live Class Schedule, 1: Notice, 2: Test",
          "video_count": 88,
          "pdf_count": 85
        }
      ]
    },
    "21343": {
      "batch_name": "RAS Foundation Nirmal Batch 2.0 English Medium (From Studio)",
      "file": "Batch_21343.txt",
      "total_videos": 372,
      "total_pdfs": 45,
      "section_count": 4,
      "sections": [
        {
          "course_name": "RAS Foundation Nirmal Batch 2.0 English Medium (From Studio)",
          "course_id": "21343",
          "info": "7: PDF, 5: Video",
          "video_count": 5,
          "pdf_count": 8
        },
        {
          "course_name": "RAS Prelims(English Medium) Notes & Quiz",
          "course_id": "16386",
          "info": "185: Notes, 12: Quiz",
          "video_count": 194,
          "pdf_count": 4
        },
        {
          "course_name": "RAS Mains(English Medium) Notes",
          "course_id": "16866",
          "info": "173: Notes",
          "video_count": 173,
          "pdf_count": 1
        },
        {
          "course_name": "Utkarsh Monthly Magazine(English Medium)",
          "course_id": "13416",
          "info": "31: PDF",
          "video_count": 0,
          "pdf_count": 32
        }
      ]
    },
    "21377": {
      "batch_name": "RAS Prelims 2026 Batch (From Studio)",
      "file": "Batch_21377.txt",
      "total_videos": 569,
      "total_pdfs": 203,
      "section_count": 5,
      "sections": [
        {
          "course_name": "RAS Prelims 2026 Batch (From Studio)",
          "course_id": "21377",
          "info": "10: PDF, 11: Video, 1: Live Class Schedule",
          "video_count": 9,
          "pdf_count": 10
        },
        {
          "course_name": "RAS Prelims(Hindi Medium) Notes & Quiz",
          "course_id": "9011",
          "info": "210: Notes, 49: Pdf, 63: DPP Video Solution, 192: Test",
          "video_count": 366,
          "pdf_count": 97
        },
        {
          "course_name": "RAS Prelims(English Medium) Notes & Quiz",
          "course_id": "16386",
          "info": "185: Notes, 12: Quiz",
          "video_count": 194,
          "pdf_count": 3
        },
        {
          "course_name": "Utkarsh Monthly Magazine",
          "course_id": "13080",
          "info": "61: PDF",
          "video_count": 0,
          "pdf_count": 61
        },
        {
          "course_name": "Utkarsh Monthly Magazine(English Medium)",
          "course_id": "13416",
          "info": "31: PDF",
          "video_count": 0,
          "pdf_count": 32
        }
      ]
    },
    "21382": {
      "batch_name": "RAS Foundation Nirmal Batch 8.0 (From Studio)",
      "file": "Batch_21382.txt",
      "total_videos": 988,
      "total_pdfs": 281,
      "section_count": 8,
      "sections": [
        {
          "course_name": "RAS Foundation Nirmal Batch 8.0 (From Studio)",
          "course_id": "21382",
          "info": "9: PDF, 5: Video",
          "video_count": 6,
          "pdf_count": 9
        },
        {
          "course_name": "RAS Prelims(Hindi Medium) Notes & Quiz",
          "course_id": "9011",
          "info": "210: Notes, 49: Pdf, 63: DPP Video Solution, 192: Test",
          "video_count": 366,
          "pdf_count": 97
        },
        {
          "course_name": "RAS Mains(Hindi Medium) Notes",
          "course_id": "11557",
          "info": "21: PDF, 191: Notes",
          "video_count": 191,
          "pdf_count": 21
        },
        {
          "course_name": "RAS Prelims(English Medium) Notes & Quiz",
          "course_id": "16386",
          "info": "185: Notes, 12: Quiz",
          "video_count": 194,
          "pdf_count": 3
        },
        {
          "course_name": "RAS Mains(English Medium) Notes",
          "course_id": "16866",
          "info": "173: Notes",
          "video_count": 173,
          "pdf_count": 0
        },
        {
          "course_name": "RAS Mains 100 Hour Revision Batch (Recorded From Studio)",
          "course_id": "15799",
          "info": "57: Video, 58: PDF, 1: Link, 1: Test",
          "video_count": 58,
          "pdf_count": 58
        },
        {
          "course_name": "Utkarsh Monthly Magazine",
          "course_id": "13080",
          "info": "61: PDF",
          "video_count": 0,
          "pdf_count": 61
        },
        {
          "course_name": "Utkarsh Monthly Magazine(English Medium)",
          "course_id": "13416",
          "info": "31: PDF",
          "video_count": 0,
          "pdf_count": 32
        }
      ]
    }
  },
  "summary": {
    "total_videos": 39581,
    "total_pdfs": 35436,
    "total_sections": 187
  }
}