{
  "scan_time": "2025-12-27T12:35:14.409708",
  "base_path": "E:\\My Drive\\Classplus (~1.2Tb)",
  "folders": {
    "ACCA SEP 2025": {
      "mp4_count": 146,
      "pdf_count": 0,
      "size_gb": 12.52,
      "subfolders": {
        "Business technology": {
          "mp4_count": 44,
          "pdf_count": 0,
          "size_gb": 4.88
        },
        "Management accounting": {
          "mp4_count": 54,
          "pdf_count": 0,
          "size_gb": 4.05
        },
        "Financial Accounting": {
          "mp4_count": 48,
          "pdf_count": 0,
          "size_gb": 3.59
        }
      }
    },
    "Amarnath Education Digital Marketing & much more dqfhep": {
      "mp4_count": 0,
      "pdf_count": 0,
      "size_gb": 0.0,
      "subfolders": {}
    },
    "Amarnath Education 🎯 ADMCC ✅ Advanced Digital Marketing Certification": {
      "mp4_count": 0,
      "pdf_count": 0,
      "size_gb": 0.0,
      "subfolders": {
        "🎯 ADMCC ✅ Advanced Digital Marketing Certification Course ✔️  Total 14 Certificate": {
          "mp4_count": 0,
          "pdf_count": 0,
          "size_gb": 0.02
        }
      }
    },
    "ANALYTICS WITH ANAND MASTER DATA ENGINEERING USING CLOUD TECHNOLOGIES": {
      "mp4_count": 0,
      "pdf_count": 7,
      "size_gb": 0.01,
      "subfolders": {
        "MASTER DATA ENGINEERING USING CLOUD TECHNOLOGIES & AI": {
          "mp4_count": 0,
          "pdf_count": 6,
          "size_gb": 0.01
        }
      }
    },
    "ANALYTICS WITH ANAND MASTER MODERN DATA ENGINEERING & ANALYTICS": {
      "mp4_count": 38,
      "pdf_count": 1,
      "size_gb": 10.97,
      "subfolders": {
        "MASTER MODERN DATA ENGINEERING & ANALYTICS SOLUTIONS USING AWS CLOUD": {
          "mp4_count": 38,
          "pdf_count": 0,
          "size_gb": 10.97
        }
      }
    },
    "Bank Foundation (PO & Clerk) Batch (Recorded From Indore Classroom)": {
      "mp4_count": 159,
      "pdf_count": 263,
      "size_gb": 61.41,
      "subfolders": {
        "489 Video 499 Panel PDF 101 Classroom Material PDF 11 Test 11 Notice": {
          "mp4_count": 159,
          "pdf_count": 263,
          "size_gb": 61.41
        }
      }
    },
    "Be a Pro Educator with Soumya Digital Marketing & much more hpogl": {
      "mp4_count": 0,
      "pdf_count": 0,
      "size_gb": 0.0,
      "subfolders": {}
    },
    "Bharat Computer Institute 🔥 JOB ही JOB है ✅ Digital Marketing में": {
      "mp4_count": 0,
      "pdf_count": 0,
      "size_gb": 0.0,
      "subfolders": {
        "🔥 JOB ही JOB है ✅ Digital Marketing में ✅DCDM Join करे और 50000 की Job पाए": {
          "mp4_count": 0,
          "pdf_count": 0,
          "size_gb": 0.01
        }
      }
    },
    "Bihar (पुलिस सिपाही) 2025 Gaurav Batch": {
      "mp4_count": 151,
      "pdf_count": 110,
      "size_gb": 55.8,
      "subfolders": {
        "383 PDF 381 Video 1 Live Class Schedule 55 Notes": {
          "mp4_count": 151,
          "pdf_count": 110,
          "size_gb": 55.8
        },
        "383 PDF, 381 Video, 1 Live Class Schedule, 55 Notes": {
          "mp4_count": 0,
          "pdf_count": 0,
          "size_gb": 0.0
        }
      }
    },
    "Bihar (पुलिस सिपाही) Complete DPP & Notes": {
      "mp4_count": 8,
      "pdf_count": 0,
      "size_gb": 0.0,
      "subfolders": {
        "8 E-Notes": {
          "mp4_count": 8,
          "pdf_count": 0,
          "size_gb": 0.0
        }
      }
    },
    "Bihar Police Constable Test Series 2025": {
      "mp4_count": 9,
      "pdf_count": 15,
      "size_gb": 2.25,
      "subfolders": {
        "2 PDF 27 Test": {
          "mp4_count": 9,
          "pdf_count": 15,
          "size_gb": 2.25
        }
      }
    },
    "Brandinfinix Online Courses Basic Digital Marketing Full Course": {
      "mp4_count": 40,
      "pdf_count": 1,
      "size_gb": 3.74,
      "subfolders": {
        "D.Pharma 2nd Year E-book PDF Notes By Udit Pharmacy": {
          "mp4_count": 0,
          "pdf_count": 1,
          "size_gb": 0.0
        },
        "Digital marketing for Entrepreneur": {
          "mp4_count": 7,
          "pdf_count": 0,
          "size_gb": 0.29
        },
        "ER20-25T HOSPITAL AND CLINICAL PHARMACY": {
          "mp4_count": 10,
          "pdf_count": 0,
          "size_gb": 0.27
        },
        "Digital Marketing": {
          "mp4_count": 2,
          "pdf_count": 0,
          "size_gb": 0.04
        },
        "Digital Marketing Live Class Recording": {
          "mp4_count": 20,
          "pdf_count": 0,
          "size_gb": 2.99
        }
      }
    },
    "Brandinfinix Online Courses Basic Digital Marketing Full Course. PHARMACY - I Year I Sem gfoks": {
      "mp4_count": 0,
      "pdf_count": 18,
      "size_gb": 0.04,
      "subfolders": {
        "B.PHARMACY - I Year I Sem": {
          "mp4_count": 0,
          "pdf_count": 18,
          "size_gb": 0.04
        }
      }
    },
    "Brandinfinix Online Courses Machine Learning and Data Science dgbjcn": {
      "mp4_count": 4,
      "pdf_count": 0,
      "size_gb": 0.09,
      "subfolders": {
        "Machine Learning and Data Science": {
          "mp4_count": 4,
          "pdf_count": 0,
          "size_gb": 0.09
        }
      }
    },
    "Brandinfinix Online Courses Master Data Science & AI with Python": {
      "mp4_count": 25,
      "pdf_count": 0,
      "size_gb": 3.23,
      "subfolders": {}
    },
    "Complete Notes & DPP - BANK PO-Clerk": {
      "mp4_count": 47,
      "pdf_count": 10,
      "size_gb": 5.0,
      "subfolders": {
        "13 PDF 68 Notes 61 Test": {
          "mp4_count": 47,
          "pdf_count": 10,
          "size_gb": 5.0
        }
      }
    },
    "Complete Notes & DPP - RPSC EO_RO": {
      "mp4_count": 131,
      "pdf_count": 31,
      "size_gb": 7.46,
      "subfolders": {
        "107 Notes 77 Test 5 PDF": {
          "mp4_count": 131,
          "pdf_count": 31,
          "size_gb": 7.46
        }
      }
    },
    "CPA (Certified Professional Accountant) Course": {
      "mp4_count": 1138,
      "pdf_count": 0,
      "size_gb": 146.23,
      "subfolders": {
        "1. Financial Accounting Course - FAC 2025": {
          "mp4_count": 83,
          "pdf_count": 0,
          "size_gb": 12.64
        },
        "2. Practical Higher Accounting Course": {
          "mp4_count": 15,
          "pdf_count": 0,
          "size_gb": 2.88
        },
        "3. Tally Prime -Beginner Course 2025": {
          "mp4_count": 30,
          "pdf_count": 0,
          "size_gb": 4.5
        },
        "5. MS-Word & MS-Power Point Course": {
          "mp4_count": 0,
          "pdf_count": 0,
          "size_gb": 0.0
        },
        "4. Tally Prime Intermediate Course": {
          "mp4_count": 3,
          "pdf_count": 0,
          "size_gb": 0.42
        },
        "7. GST Laws & Practitioner Course": {
          "mp4_count": 0,
          "pdf_count": 0,
          "size_gb": 0.0
        },
        "6. Advance Excel Course": {
          "mp4_count": 36,
          "pdf_count": 0,
          "size_gb": 5.38
        },
        "8. GST Portal Training Course": {
          "mp4_count": 33,
          "pdf_count": 0,
          "size_gb": 2.24
        },
        "11. GSTR-9 & GSTR-9C - Annual Return Workshop Cour": {
          "mp4_count": 20,
          "pdf_count": 0,
          "size_gb": 1.91
        },
        "12. GST Updates 2025": {
          "mp4_count": 103,
          "pdf_count": 0,
          "size_gb": 13.39
        },
        "18. Accountant Job Interview Preparation Course": {
          "mp4_count": 11,
          "pdf_count": 0,
          "size_gb": 2.09
        },
        "19. Fundamental of Accounts Course": {
          "mp4_count": 42,
          "pdf_count": 0,
          "size_gb": 3.15
        },
        "20. Non Trading Industry Accounting Project Course": {
          "mp4_count": 28,
          "pdf_count": 0,
          "size_gb": 2.15
        },
        "21. Tally Prime 5.0 & 5.1 Course": {
          "mp4_count": 18,
          "pdf_count": 0,
          "size_gb": 1.84
        },
        "23. Marble Mines Industry  Project": {
          "mp4_count": 8,
          "pdf_count": 0,
          "size_gb": 0.66
        },
        "25. Estimated & Projected Balance Sheet & Income S": {
          "mp4_count": 8,
          "pdf_count": 0,
          "size_gb": 1.89
        },
        "28. Income Tax Return Filing Course": {
          "mp4_count": 0,
          "pdf_count": 0,
          "size_gb": 0.0
        },
        "34. TDS & TCS Compliance Course": {
          "mp4_count": 0,
          "pdf_count": 0,
          "size_gb": 0.0
        },
        "38. Banking & Digital Banking Course": {
          "mp4_count": 0,
          "pdf_count": 0,
          "size_gb": 0.0
        },
        "39. Marg ERP Accounting Software Course": {
          "mp4_count": 0,
          "pdf_count": 0,
          "size_gb": 0.0
        },
        "40. Busy Accounting Software Course": {
          "mp4_count": 0,
          "pdf_count": 0,
          "size_gb": 0.0
        },
        "27. EPF, ESI, Payroll & Business Registration Cour": {
          "mp4_count": 8,
          "pdf_count": 0,
          "size_gb": 0.84
        },
        "30. Income Tax updates 2025": {
          "mp4_count": 43,
          "pdf_count": 0,
          "size_gb": 5.35
        },
        "37. GST, TDS & Income Tax Regular updates 2024": {
          "mp4_count": 89,
          "pdf_count": 0,
          "size_gb": 9.35
        }
      }
    },
    "Crystal Coaching Digital Marketing Facebook and YouTube Advertising": {
      "mp4_count": 0,
      "pdf_count": 0,
      "size_gb": 0.0,
      "subfolders": {
        "Digital Marketing- Facebook and YouTube Advertising": {
          "mp4_count": 0,
          "pdf_count": 0,
          "size_gb": 0.01
        }
      }
    },
    "CyberZ Academy ETHICAL HACKING EXPERT bwglxa": {
      "mp4_count": 41,
      "pdf_count": 0,
      "size_gb": 2.45,
      "subfolders": {
        "ETHICAL HACKING EXPERT": {
          "mp4_count": 41,
          "pdf_count": 0,
          "size_gb": 2.45
        }
      }
    },
    "Dark Cyber Securities Cyber Security and Ethical Hacking Beginner": {
      "mp4_count": 0,
      "pdf_count": 0,
      "size_gb": 0.0,
      "subfolders": {
        "Cyber Security and Ethical Hacking - Beginner to Advanced All in One Course By Dark Cyber Securities": {
          "mp4_count": 0,
          "pdf_count": 0,
          "size_gb": 0.02
        }
      }
    },
    "Deep Learning Digital Marketing & much more xmflp": {
      "mp4_count": 0,
      "pdf_count": 0,
      "size_gb": 0.0,
      "subfolders": {}
    },
    "Digital Vidyapith By Adtech Digital Marketing & AI Course mywtsw": {
      "mp4_count": 58,
      "pdf_count": 0,
      "size_gb": 5.56,
      "subfolders": {}
    },
    "Digital Vidyapith By Adtech Digital Marketing Course Live Online": {
      "mp4_count": 54,
      "pdf_count": 0,
      "size_gb": 5.4,
      "subfolders": {}
    },
    "Digital Wheel Basic Digital Marketing Course jfdky": {
      "mp4_count": 0,
      "pdf_count": 0,
      "size_gb": 0.0,
      "subfolders": {
        "Basic Digital Marketing Course": {
          "mp4_count": 0,
          "pdf_count": 0,
          "size_gb": 0.0
        }
      }
    },
    "Digital Wheel Complete Digital Marketing  Course jfdky": {
      "mp4_count": 0,
      "pdf_count": 0,
      "size_gb": 0.0,
      "subfolders": {
        "Complete Digital Marketing  Course": {
          "mp4_count": 0,
          "pdf_count": 0,
          "size_gb": 0.0
        }
      }
    },
    "DigitalJobsNow GOLD DIGITAL MARKETING MASTER PACKAGE COURSE efzeih": {
      "mp4_count": 22,
      "pdf_count": 0,
      "size_gb": 1.14,
      "subfolders": {
        "GOLD - DIGITAL MARKETING MASTER PACKAGE COURSE": {
          "mp4_count": 22,
          "pdf_count": 0,
          "size_gb": 1.14
        }
      }
    },
    "DISCRETE STRUCTRE RGPV (CS-IT-CSIT)": {
      "mp4_count": 30,
      "pdf_count": 0,
      "size_gb": 4.27,
      "subfolders": {}
    },
    "Divyam Training & Consultancy Digital Marketing Course Advanced": {
      "mp4_count": 0,
      "pdf_count": 0,
      "size_gb": 0.0,
      "subfolders": {
        "Digital Marketing Course - Advanced & Complete Digital Marketing Course": {
          "mp4_count": 0,
          "pdf_count": 0,
          "size_gb": 0.01
        }
      }
    },
    "Dizital Mantras Advanced Digital Marketing hnzvm": {
      "mp4_count": 44,
      "pdf_count": 0,
      "size_gb": 2.95,
      "subfolders": {
        "Advanced Digital Marketing": {
          "mp4_count": 24,
          "pdf_count": 0,
          "size_gb": 2.15
        }
      }
    },
    "DOTNET Institute Live+Recorded Digital Marketing PDDM Course dotnet": {
      "mp4_count": 149,
      "pdf_count": 1,
      "size_gb": 12.59,
      "subfolders": {
        "Live+Recorded - Digital Marketing - PDDM Course": {
          "mp4_count": 149,
          "pdf_count": 0,
          "size_gb": 12.59
        }
      }
    },
    "DOTNET Institute Professional Diploma in Digital Marketing Recorded": {
      "mp4_count": 59,
      "pdf_count": 1,
      "size_gb": 6.16,
      "subfolders": {
        "Professional Diploma in Digital Marketing - Recorded Course": {
          "mp4_count": 59,
          "pdf_count": 0,
          "size_gb": 6.17
        }
      }
    },
    "DOTNET Institute Professional Diploma in Digital Marketing with": {
      "mp4_count": 153,
      "pdf_count": 0,
      "size_gb": 12.51,
      "subfolders": {
        "Professional Diploma in Digital Marketing with AI - PDDM": {
          "mp4_count": 153,
          "pdf_count": 0,
          "size_gb": 12.52
        }
      }
    },
    "Downloads VMM COLLEGE Digital Marketing Mastery Course Beginner to Advanced": {
      "mp4_count": 107,
      "pdf_count": 0,
      "size_gb": 2.26,
      "subfolders": {
        "Digital Marketing Mastery Course (Beginner to Advance": {
          "mp4_count": 107,
          "pdf_count": 0,
          "size_gb": 2.26
        }
      }
    },
    "Dr AI Academy Data Science With Machine Learning emjgwl": {
      "mp4_count": 17,
      "pdf_count": 1,
      "size_gb": 0.38,
      "subfolders": {
        "Data Science With Machine Learning": {
          "mp4_count": 17,
          "pdf_count": 0,
          "size_gb": 0.38
        }
      }
    },
    "Dr AI Academy Digital Marketing Course 7 Courses in 1 emjgwl": {
      "mp4_count": 0,
      "pdf_count": 0,
      "size_gb": 0.0,
      "subfolders": {
        "Digital Marketing Course (7 Courses in 1": {
          "mp4_count": 0,
          "pdf_count": 0,
          "size_gb": 0.0
        }
      }
    },
    "E Pharm Learning App BP502T-FORMULATIVE PHARMACY giyfnm": {
      "mp4_count": 47,
      "pdf_count": 0,
      "size_gb": 1.22,
      "subfolders": {
        "BP502T-FORMULATIVE PHARMACY": {
          "mp4_count": 47,
          "pdf_count": 0,
          "size_gb": 1.22
        }
      }
    },
    "E Pharm Learning App BP703T-PHARMACY PRACTICE giyfnm": {
      "mp4_count": 33,
      "pdf_count": 0,
      "size_gb": 1.09,
      "subfolders": {
        "BP703T-PHARMACY PRACTICE": {
          "mp4_count": 33,
          "pdf_count": 0,
          "size_gb": 1.09
        }
      }
    },
    "E Pharm Learning App ER20-15T SOCIAL PHARMACY giyfnm": {
      "mp4_count": 0,
      "pdf_count": 0,
      "size_gb": 0.0,
      "subfolders": {
        "ER20-15T SOCIAL PHARMACY": {
          "mp4_count": 0,
          "pdf_count": 0,
          "size_gb": 0.0
        }
      }
    },
    "E Pharm Learning App ER20-26T-PHARMACY LAW AND ETHICS giyfnm": {
      "mp4_count": 52,
      "pdf_count": 0,
      "size_gb": 1.29,
      "subfolders": {
        "ER20-26T-PHARMACY LAW AND ETHICS": {
          "mp4_count": 52,
          "pdf_count": 0,
          "size_gb": 1.29
        }
      }
    },
    "Easy E Classes Digital Marketing Facebook and YouTube Advertising": {
      "mp4_count": 0,
      "pdf_count": 0,
      "size_gb": 0.0,
      "subfolders": {
        "Digital Marketing- Facebook and YouTube Advertising": {
          "mp4_count": 0,
          "pdf_count": 0,
          "size_gb": 0.01
        }
      }
    },
    "Edusolve learning app Digital marketing for Entrepreneur fjsqro": {
      "mp4_count": 7,
      "pdf_count": 0,
      "size_gb": 0.29,
      "subfolders": {
        "Digital marketing for Entrepreneur": {
          "mp4_count": 7,
          "pdf_count": 0,
          "size_gb": 0.29
        }
      }
    },
    "English with Sharad INTERVIEW PREPARATION💯✅": {
      "mp4_count": 12,
      "pdf_count": 0,
      "size_gb": 0.17,
      "subfolders": {}
    },
    "Fitact Learning App Digital Marketing hbghqz": {
      "mp4_count": 41,
      "pdf_count": 0,
      "size_gb": 4.22,
      "subfolders": {
        "Digital Marketing": {
          "mp4_count": 41,
          "pdf_count": 0,
          "size_gb": 4.22
        }
      }
    },
    "Gaurav Ratna Online Scholarship Test": {
      "mp4_count": 1,
      "pdf_count": 3,
      "size_gb": 0.25,
      "subfolders": {
        "1 PDF 6 Test": {
          "mp4_count": 1,
          "pdf_count": 3,
          "size_gb": 0.25
        }
      }
    },
    "GMT AcaDemyX Data Science, Engineer & Analytics Combo jdfuk": {
      "mp4_count": 0,
      "pdf_count": 0,
      "size_gb": 0.0,
      "subfolders": {
        "Data Science, Engineer & Analytics Combo": {
          "mp4_count": 0,
          "pdf_count": 0,
          "size_gb": 0.01
        }
      }
    },
    "Grow Digital Power 📚 CPA Marketing Complete Course Structure Beginner": {
      "mp4_count": 6,
      "pdf_count": 0,
      "size_gb": 0.15,
      "subfolders": {}
    },
    "Grow Online With Sachin Digital Marketing Bonanza ldpkw": {
      "mp4_count": 0,
      "pdf_count": 0,
      "size_gb": 0.0,
      "subfolders": {}
    },
    "Heet Computer DIGITAL MARKETING COURSES nqqww": {
      "mp4_count": 65,
      "pdf_count": 0,
      "size_gb": 1.46,
      "subfolders": {
        "DIGITAL MARKETING COURSES": {
          "mp4_count": 65,
          "pdf_count": 0,
          "size_gb": 1.46
        }
      }
    },
    "HIDM Advance Digital Marketing Course dggfuu": {
      "mp4_count": 8,
      "pdf_count": 0,
      "size_gb": 0.08,
      "subfolders": {}
    },
    "IBPS Bank Revision Booklet": {
      "mp4_count": 24,
      "pdf_count": 9,
      "size_gb": 5.77,
      "subfolders": {
        "20 Quiz 28 Video 1 Pdf": {
          "mp4_count": 24,
          "pdf_count": 9,
          "size_gb": 5.77
        }
      }
    },
    "IICS Digital Marketing with ChatGPT-Hindi_iics": {
      "mp4_count": 23,
      "pdf_count": 0,
      "size_gb": 0.34,
      "subfolders": {
        "Digital Marketing with ChatGPT-Hindi": {
          "mp4_count": 23,
          "pdf_count": 0,
          "size_gb": 0.34
        }
      }
    },
    "IIM Blasters TARGET CAT EXAM 2025 BY MANAS SIR BASIC TO ADVANCE": {
      "mp4_count": 21,
      "pdf_count": 0,
      "size_gb": 1.87,
      "subfolders": {
        "TARGET CAT EXAM 2025 BY MANAS SIR- BASIC TO ADVANCE LEVEL": {
          "mp4_count": 20,
          "pdf_count": 0,
          "size_gb": 1.85
        }
      }
    },
    "Indian Art & Culture by Chanchal Sir": {
      "mp4_count": 36,
      "pdf_count": 32,
      "size_gb": 25.33,
      "subfolders": {
        "36 Video 36 PDF": {
          "mp4_count": 36,
          "pdf_count": 32,
          "size_gb": 25.33
        }
      }
    },
    "January to June 2025 Current Affairs Revision": {
      "mp4_count": 9,
      "pdf_count": 5,
      "size_gb": 4.21,
      "subfolders": {
        "9 Video 5 Pdf": {
          "mp4_count": 9,
          "pdf_count": 5,
          "size_gb": 4.21
        }
      }
    },
    "MAGICAL HEALTH COURSE": {
      "mp4_count": 7,
      "pdf_count": 0,
      "size_gb": 1.87,
      "subfolders": {
        "Bonuses": {
          "mp4_count": 5,
          "pdf_count": 0,
          "size_gb": 0.56
        }
      }
    },
    "MEC OVERSEAS HEALTH SERVICE DOHHAAD PHARMACY TECHNICIAN COACHING": {
      "mp4_count": 0,
      "pdf_count": 0,
      "size_gb": 0.0,
      "subfolders": {
        "DOH(HAAD": {
          "mp4_count": 0,
          "pdf_count": 0,
          "size_gb": 0.0
        }
      }
    },
    "MEDHA Edutech Digital Marketing Course 7 Courses in 1 jnszrr": {
      "mp4_count": 0,
      "pdf_count": 0,
      "size_gb": 0.0,
      "subfolders": {
        "Digital Marketing Course (7 Courses in 1": {
          "mp4_count": 0,
          "pdf_count": 0,
          "size_gb": 0.0
        }
      }
    },
    "MEDHA Edutech Master Ethical Hacking in Hindi jnszrr": {
      "mp4_count": 33,
      "pdf_count": 0,
      "size_gb": 1.67,
      "subfolders": {
        "Master Ethical Hacking in Hindi": {
          "mp4_count": 0,
          "pdf_count": 0,
          "size_gb": 0.02
        }
      }
    },
    "Meduley BAHRAIN PHARMACY LICENSURE EXAM NHRA joftof": {
      "mp4_count": 63,
      "pdf_count": 0,
      "size_gb": 2.93,
      "subfolders": {
        "BAHRAIN PHARMACY LICENSURE EXAM NHRA": {
          "mp4_count": 63,
          "pdf_count": 0,
          "size_gb": 2.93
        }
      }
    },
    "Mobile Paisa AI Powered Digital Marketing Mastery Course Beginner": {
      "mp4_count": 72,
      "pdf_count": 1,
      "size_gb": 4.74,
      "subfolders": {
        "AI-Powered Digital Marketing Mastery Course (Beginner to Pro": {
          "mp4_count": 72,
          "pdf_count": 1,
          "size_gb": 4.74
        }
      }
    },
    "mycareer Digital Marketing Special Online Certificate Course fclpzg": {
      "mp4_count": 0,
      "pdf_count": 0,
      "size_gb": 0.0,
      "subfolders": {
        "Digital Marketing - Special Online Certificate Course": {
          "mp4_count": 0,
          "pdf_count": 0,
          "size_gb": 0.0
        }
      }
    },
    "NCERT Based Test Series (UPSC & All PSC Exam)": {
      "mp4_count": 8,
      "pdf_count": 6,
      "size_gb": 2.27,
      "subfolders": {
        "1 PDF 15 Test": {
          "mp4_count": 8,
          "pdf_count": 6,
          "size_gb": 2.27
        }
      }
    },
    "NCERT Based Test Series (UPSC & All PSC Exam)": {
      "mp4_count": 7,
      "pdf_count": 6,
      "size_gb": 2.27,
      "subfolders": {
        "1 PDF 15 Test": {
          "mp4_count": 7,
          "pdf_count": 6,
          "size_gb": 2.27
        }
      }
    },
    "NCERT Foundation (English Medium) Batch": {
      "mp4_count": 147,
      "pdf_count": 148,
      "size_gb": 78.97,
      "subfolders": {
        "148 PDF 1 Live Class Schedule 147 Video": {
          "mp4_count": 147,
          "pdf_count": 148,
          "size_gb": 78.97
        }
      }
    },
    "NCERT Foundation (Hindi Medium) Batch": {
      "mp4_count": 74,
      "pdf_count": 75,
      "size_gb": 36.94,
      "subfolders": {
        "210 PDF 1 Live Class Schedule 208 Video": {
          "mp4_count": 74,
          "pdf_count": 75,
          "size_gb": 36.94
        }
      }
    },
    "NDV Hub Self Paced Digital Marketing By Balaji Macha PR for Big": {
      "mp4_count": 32,
      "pdf_count": 0,
      "size_gb": 1.17,
      "subfolders": {}
    },
    "NextEra UniTech Data Science - Paid Course hjgnlw": {
      "mp4_count": 1,
      "pdf_count": 0,
      "size_gb": 0.18,
      "subfolders": {
        "Data Science - Paid Course": {
          "mp4_count": 1,
          "pdf_count": 0,
          "size_gb": 0.18
        }
      }
    },
    "NIPUN Classes Ethical Hacking in Hindi izalbe": {
      "mp4_count": 89,
      "pdf_count": 0,
      "size_gb": 1.73,
      "subfolders": {}
    },
    "NIRDIT DIGITAL ACADEMY Digital Marketing Course 7 Courses in 1 ckgdgf": {
      "mp4_count": 0,
      "pdf_count": 0,
      "size_gb": 0.0,
      "subfolders": {
        "Digital Marketing Course (7 Courses in 1": {
          "mp4_count": 0,
          "pdf_count": 0,
          "size_gb": 0.0
        }
      }
    },
    "Nirjala Education DIGITAL MARKETING (With AI) eacisj": {
      "mp4_count": 98,
      "pdf_count": 0,
      "size_gb": 2.47,
      "subfolders": {}
    },
    "Orderflow + Market Profile Combo (Hindi)": {
      "mp4_count": 109,
      "pdf_count": 0,
      "size_gb": 4.14,
      "subfolders": {
        "005": {
          "mp4_count": 1,
          "pdf_count": 0,
          "size_gb": 0.0
        },
        "006": {
          "mp4_count": 1,
          "pdf_count": 0,
          "size_gb": 0.0
        },
        "004": {
          "mp4_count": 1,
          "pdf_count": 0,
          "size_gb": 0.0
        },
        "008": {
          "mp4_count": 1,
          "pdf_count": 0,
          "size_gb": 0.0
        },
        "007": {
          "mp4_count": 1,
          "pdf_count": 0,
          "size_gb": 0.01
        },
        "009": {
          "mp4_count": 1,
          "pdf_count": 0,
          "size_gb": 0.01
        },
        "001": {
          "mp4_count": 1,
          "pdf_count": 0,
          "size_gb": 0.05
        },
        "003": {
          "mp4_count": 1,
          "pdf_count": 0,
          "size_gb": 0.06
        },
        "002": {
          "mp4_count": 1,
          "pdf_count": 0,
          "size_gb": 0.08
        },
        "010": {
          "mp4_count": 1,
          "pdf_count": 0,
          "size_gb": 0.0
        },
        "011": {
          "mp4_count": 1,
          "pdf_count": 0,
          "size_gb": 0.0
        },
        "016": {
          "mp4_count": 1,
          "pdf_count": 0,
          "size_gb": 0.0
        },
        "015": {
          "mp4_count": 1,
          "pdf_count": 0,
          "size_gb": 0.01
        },
        "012": {
          "mp4_count": 1,
          "pdf_count": 0,
          "size_gb": 0.01
        },
        "014": {
          "mp4_count": 1,
          "pdf_count": 0,
          "size_gb": 0.02
        },
        "013": {
          "mp4_count": 1,
          "pdf_count": 0,
          "size_gb": 0.02
        },
        "017": {
          "mp4_count": 1,
          "pdf_count": 0,
          "size_gb": 0.0
        },
        "018": {
          "mp4_count": 1,
          "pdf_count": 0,
          "size_gb": 0.02
        },
        "019": {
          "mp4_count": 1,
          "pdf_count": 0,
          "size_gb": 0.0
        },
        "020": {
          "mp4_count": 1,
          "pdf_count": 0,
          "size_gb": 0.0
        },
        "023": {
          "mp4_count": 1,
          "pdf_count": 0,
          "size_gb": 0.02
        },
        "025": {
          "mp4_count": 1,
          "pdf_count": 0,
          "size_gb": 0.01
        },
        "024": {
          "mp4_count": 1,
          "pdf_count": 0,
          "size_gb": 0.01
        },
        "021": {
          "mp4_count": 1,
          "pdf_count": 0,
          "size_gb": 0.01
        },
        "022": {
          "mp4_count": 1,
          "pdf_count": 0,
          "size_gb": 0.01
        },
        "026": {
          "mp4_count": 1,
          "pdf_count": 0,
          "size_gb": 0.01
        },
        "027": {
          "mp4_count": 1,
          "pdf_count": 0,
          "size_gb": 0.01
        },
        "030": {
          "mp4_count": 1,
          "pdf_count": 0,
          "size_gb": 0.01
        },
        "028": {
          "mp4_count": 1,
          "pdf_count": 0,
          "size_gb": 0.02
        },
        "034": {
          "mp4_count": 1,
          "pdf_count": 0,
          "size_gb": 0.0
        },
        "029": {
          "mp4_count": 1,
          "pdf_count": 0,
          "size_gb": 0.01
        },
        "031": {
          "mp4_count": 1,
          "pdf_count": 0,
          "size_gb": 0.0
        },
        "035": {
          "mp4_count": 1,
          "pdf_count": 0,
          "size_gb": 0.01
        },
        "032": {
          "mp4_count": 1,
          "pdf_count": 0,
          "size_gb": 0.01
        },
        "033": {
          "mp4_count": 1,
          "pdf_count": 0,
          "size_gb": 0.02
        },
        "039": {
          "mp4_count": 1,
          "pdf_count": 0,
          "size_gb": 0.0
        },
        "041": {
          "mp4_count": 1,
          "pdf_count": 0,
          "size_gb": 0.0
        },
        "037": {
          "mp4_count": 1,
          "pdf_count": 0,
          "size_gb": 0.0
        },
        "038": {
          "mp4_count": 1,
          "pdf_count": 0,
          "size_gb": 0.0
        },
        "036": {
          "mp4_count": 1,
          "pdf_count": 0,
          "size_gb": 0.01
        },
        "043": {
          "mp4_count": 1,
          "pdf_count": 0,
          "size_gb": 0.0
        },
        "040": {
          "mp4_count": 1,
          "pdf_count": 0,
          "size_gb": 0.02
        },
        "044": {
          "mp4_count": 1,
          "pdf_count": 0,
          "size_gb": 0.01
        },
        "042": {
          "mp4_count": 1,
          "pdf_count": 0,
          "size_gb": 0.02
        },
        "052": {
          "mp4_count": 1,
          "pdf_count": 0,
          "size_gb": 0.0
        },
        "045": {
          "mp4_count": 1,
          "pdf_count": 0,
          "size_gb": 0.02
        },
        "049": {
          "mp4_count": 1,
          "pdf_count": 0,
          "size_gb": 0.01
        },
        "046": {
          "mp4_count": 1,
          "pdf_count": 0,
          "size_gb": 0.02
        },
        "051": {
          "mp4_count": 1,
          "pdf_count": 0,
          "size_gb": 0.02
        },
        "048": {
          "mp4_count": 1,
          "pdf_count": 0,
          "size_gb": 0.02
        },
        "050": {
          "mp4_count": 1,
          "pdf_count": 0,
          "size_gb": 0.02
        },
        "047": {
          "mp4_count": 1,
          "pdf_count": 0,
          "size_gb": 0.04
        },
        "053": {
          "mp4_count": 1,
          "pdf_count": 0,
          "size_gb": 0.02
        },
        "061": {
          "mp4_count": 1,
          "pdf_count": 0,
          "size_gb": 0.0
        },
        "058": {
          "mp4_count": 1,
          "pdf_count": 0,
          "size_gb": 0.01
        },
        "054": {
          "mp4_count": 1,
          "pdf_count": 0,
          "size_gb": 0.02
        },
        "057": {
          "mp4_count": 1,
          "pdf_count": 0,
          "size_gb": 0.02
        },
        "056": {
          "mp4_count": 1,
          "pdf_count": 0,
          "size_gb": 0.02
        },
        "059": {
          "mp4_count": 1,
          "pdf_count": 0,
          "size_gb": 0.01
        },
        "055": {
          "mp4_count": 1,
          "pdf_count": 0,
          "size_gb": 0.01
        },
        "060": {
          "mp4_count": 1,
          "pdf_count": 0,
          "size_gb": 0.03
        },
        "063": {
          "mp4_count": 1,
          "pdf_count": 0,
          "size_gb": 0.0
        },
        "064": {
          "mp4_count": 1,
          "pdf_count": 0,
          "size_gb": 0.01
        },
        "062": {
          "mp4_count": 1,
          "pdf_count": 0,
          "size_gb": 0.04
        },
        "067": {
          "mp4_count": 1,
          "pdf_count": 0,
          "size_gb": 0.01
        },
        "069": {
          "mp4_count": 1,
          "pdf_count": 0,
          "size_gb": 0.01
        },
        "070": {
          "mp4_count": 1,
          "pdf_count": 0,
          "size_gb": 0.0
        },
        "065": {
          "mp4_count": 1,
          "pdf_count": 0,
          "size_gb": 0.02
        },
        "068": {
          "mp4_count": 1,
          "pdf_count": 0,
          "size_gb": 0.01
        },
        "066": {
          "mp4_count": 1,
          "pdf_count": 0,
          "size_gb": 0.03
        },
        "071": {
          "mp4_count": 1,
          "pdf_count": 0,
          "size_gb": 0.0
        },
        "072": {
          "mp4_count": 1,
          "pdf_count": 0,
          "size_gb": 0.0
        },
        "073": {
          "mp4_count": 1,
          "pdf_count": 0,
          "size_gb": 0.01
        },
        "076": {
          "mp4_count": 1,
          "pdf_count": 0,
          "size_gb": 0.01
        },
        "077": {
          "mp4_count": 1,
          "pdf_count": 0,
          "size_gb": 0.01
        },
        "078": {
          "mp4_count": 1,
          "pdf_count": 0,
          "size_gb": 0.01
        },
        "075": {
          "mp4_count": 1,
          "pdf_count": 0,
          "size_gb": 0.02
        },
        "074": {
          "mp4_count": 1,
          "pdf_count": 0,
          "size_gb": 0.02
        },
        "081": {
          "mp4_count": 1,
          "pdf_count": 0,
          "size_gb": 0.01
        },
        "080": {
          "mp4_count": 1,
          "pdf_count": 0,
          "size_gb": 0.01
        },
        "079": {
          "mp4_count": 1,
          "pdf_count": 0,
          "size_gb": 0.03
        },
        "083": {
          "mp4_count": 1,
          "pdf_count": 0,
          "size_gb": 0.02
        },
        "082": {
          "mp4_count": 1,
          "pdf_count": 0,
          "size_gb": 0.01
        },
        "086": {
          "mp4_count": 1,
          "pdf_count": 0,
          "size_gb": 0.01
        },
        "084": {
          "mp4_count": 1,
          "pdf_count": 0,
          "size_gb": 0.01
        },
        "085": {
          "mp4_count": 1,
          "pdf_count": 0,
          "size_gb": 0.02
        },
        "087": {
          "mp4_count": 1,
          "pdf_count": 0,
          "size_gb": 0.03
        },
        "089": {
          "mp4_count": 1,
          "pdf_count": 0,
          "size_gb": 0.01
        },
        "090": {
          "mp4_count": 1,
          "pdf_count": 0,
          "size_gb": 0.01
        },
        "093": {
          "mp4_count": 1,
          "pdf_count": 0,
          "size_gb": 0.02
        },
        "094": {
          "mp4_count": 1,
          "pdf_count": 0,
          "size_gb": 0.02
        },
        "088": {
          "mp4_count": 1,
          "pdf_count": 0,
          "size_gb": 0.03
        },
        "091": {
          "mp4_count": 1,
          "pdf_count": 0,
          "size_gb": 0.04
        },
        "092": {
          "mp4_count": 1,
          "pdf_count": 0,
          "size_gb": 0.06
        },
        "095": {
          "mp4_count": 1,
          "pdf_count": 0,
          "size_gb": 0.03
        },
        "098": {
          "mp4_count": 1,
          "pdf_count": 0,
          "size_gb": 0.0
        },
        "096": {
          "mp4_count": 1,
          "pdf_count": 0,
          "size_gb": 0.02
        },
        "099": {
          "mp4_count": 1,
          "pdf_count": 0,
          "size_gb": 0.01
        },
        "097": {
          "mp4_count": 1,
          "pdf_count": 0,
          "size_gb": 0.03
        },
        "109": {
          "mp4_count": 1,
          "pdf_count": 0,
          "size_gb": 0.1
        },
        "107": {
          "mp4_count": 1,
          "pdf_count": 0,
          "size_gb": 0.21
        },
        "108": {
          "mp4_count": 1,
          "pdf_count": 0,
          "size_gb": 0.22
        },
        "105": {
          "mp4_count": 1,
          "pdf_count": 0,
          "size_gb": 0.28
        },
        "106": {
          "mp4_count": 1,
          "pdf_count": 0,
          "size_gb": 0.24
        },
        "111": {
          "mp4_count": 1,
          "pdf_count": 0,
          "size_gb": 0.1
        },
        "112": {
          "mp4_count": 1,
          "pdf_count": 0,
          "size_gb": 0.12
        },
        "104": {
          "mp4_count": 1,
          "pdf_count": 0,
          "size_gb": 0.47
        },
        "110": {
          "mp4_count": 1,
          "pdf_count": 0,
          "size_gb": 0.5
        },
        "113": {
          "mp4_count": 1,
          "pdf_count": 0,
          "size_gb": 0.45
        }
      }
    },
    "Pharma MCQ PUNJAB PHARMACY OFFICER CRASH COURSE jntygo": {
      "mp4_count": 0,
      "pdf_count": 0,
      "size_gb": 0.0,
      "subfolders": {
        "PUNJAB PHARMACY OFFICER CRASH COURSE": {
          "mp4_count": 0,
          "pdf_count": 0,
          "size_gb": 0.0
        }
      }
    },
    "Pharmacy coaching classes D Pharm First Year All subjects pcco": {
      "mp4_count": 0,
      "pdf_count": 0,
      "size_gb": 0.0,
      "subfolders": {
        "D. Pharm First Year (All subjects": {
          "mp4_count": 0,
          "pdf_count": 0,
          "size_gb": 0.01
        }
      }
    },
    "Pharmacy coaching classes GOVT PHARMACIST A Quick PREPARATION pcco": {
      "mp4_count": 0,
      "pdf_count": 1,
      "size_gb": 0.0,
      "subfolders": {}
    },
    "PlusMark Learning App Digital Marketing gphgvk": {
      "mp4_count": 0,
      "pdf_count": 0,
      "size_gb": 0.0,
      "subfolders": {
        "Digital Marketing": {
          "mp4_count": 0,
          "pdf_count": 0,
          "size_gb": 0.0
        }
      }
    },
    "Quik learner Data Science mvzqvw": {
      "mp4_count": 20,
      "pdf_count": 0,
      "size_gb": 2.72,
      "subfolders": {
        "Data Science": {
          "mp4_count": 20,
          "pdf_count": 0,
          "size_gb": 2.72
        }
      }
    },
    "Radha Computer Classes 🔥 DCDM Diploma Course in Digital Marketing": {
      "mp4_count": 0,
      "pdf_count": 0,
      "size_gb": 0.0,
      "subfolders": {
        "🔥 DCDM-Diploma Course in Digital Marketing": {
          "mp4_count": 0,
          "pdf_count": 0,
          "size_gb": 0.01
        }
      }
    },
    "Rahul University Data Science & Analytics  igrofe": {
      "mp4_count": 1,
      "pdf_count": 0,
      "size_gb": 0.01,
      "subfolders": {
        "Data Science & Analytics": {
          "mp4_count": 0,
          "pdf_count": 0,
          "size_gb": 0.0
        },
        "Data Science & Analytics#": {
          "mp4_count": 1,
          "pdf_count": 0,
          "size_gb": 0.01
        }
      }
    },
    "Rajasthan Economic Survey Free Course": {
      "mp4_count": 45,
      "pdf_count": 44,
      "size_gb": 25.86,
      "subfolders": {
        "39 PDF 40 Video 12 Test 1 Link": {
          "mp4_count": 45,
          "pdf_count": 44,
          "size_gb": 25.86
        }
      }
    },
    "RAS Adbhut Prashnotri 2.0": {
      "mp4_count": 6,
      "pdf_count": 21,
      "size_gb": 3.57,
      "subfolders": {
        "17 PDF 9 Test 7 Video": {
          "mp4_count": 6,
          "pdf_count": 21,
          "size_gb": 3.57
        }
      }
    },
    "RAS Foundation Nirmal Batch 2.0 English Medium (From Studio)": {
      "mp4_count": 5,
      "pdf_count": 8,
      "size_gb": 3.88,
      "subfolders": {
        "7 PDF 5 Video": {
          "mp4_count": 5,
          "pdf_count": 8,
          "size_gb": 3.88
        }
      }
    },
    "RAS Foundation Nirmal Batch 6.0 (From Studio)": {
      "mp4_count": 362,
      "pdf_count": 366,
      "size_gb": 236.19,
      "subfolders": {
        "363 PDF 356 Video 1 Live Class Schedule 1 Notice 16 Test": {
          "mp4_count": 362,
          "pdf_count": 366,
          "size_gb": 236.19
        }
      }
    },
    "RAS Foundation Nirmal Batch 7.0 (From Studio)": {
      "mp4_count": 11,
      "pdf_count": 0,
      "size_gb": 7.49,
      "subfolders": {
        "84 PDF 88 Video 1 Live Class Schedule 1 Notice 2 Test": {
          "mp4_count": 11,
          "pdf_count": 0,
          "size_gb": 7.49
        }
      }
    },
    "RAS Foundation Nirmal Batch English Medium (From Studio)": {
      "mp4_count": 558,
      "pdf_count": 554,
      "size_gb": 405.63,
      "subfolders": {
        "545 PDF 547 Video 1 Live Class Schedule 1 Notice 25 Test": {
          "mp4_count": 558,
          "pdf_count": 554,
          "size_gb": 405.63
        }
      }
    },
    "RAS Foundation Nirmal English Medium Free Batch": {
      "mp4_count": 14,
      "pdf_count": 15,
      "size_gb": 7.83,
      "subfolders": {
        "13 Video 15 PDF 1 Link 1 Test": {
          "mp4_count": 14,
          "pdf_count": 15,
          "size_gb": 7.83
        }
      }
    },
    "RAS Mains 100 Hour Revision Batch (Recorded From Studio)": {
      "mp4_count": 51,
      "pdf_count": 47,
      "size_gb": 42.94,
      "subfolders": {
        "57 Video 58 PDF 1 Link 1 Test": {
          "mp4_count": 51,
          "pdf_count": 47,
          "size_gb": 42.94
        }
      }
    },
    "RAS Mains 2024 - Nishkarsh Batch": {
      "mp4_count": 42,
      "pdf_count": 44,
      "size_gb": 12.6,
      "subfolders": {
        "44 PDF 42 Video 1 Link 1 Test": {
          "mp4_count": 42,
          "pdf_count": 44,
          "size_gb": 12.85
        }
      }
    },
    "RAS Mains 2024 Important Questions": {
      "mp4_count": 2,
      "pdf_count": 7,
      "size_gb": 0.55,
      "subfolders": {
        "5 PDF 4 Test 1 Link 1 Video": {
          "mp4_count": 2,
          "pdf_count": 7,
          "size_gb": 0.55
        }
      }
    },
    "RAS Mains 2024 Nirmal Target Batch (Recorded From Studio)": {
      "mp4_count": 493,
      "pdf_count": 507,
      "size_gb": 402.66,
      "subfolders": {
        "538 PDF 1 Live Class Schedule 525 Video": {
          "mp4_count": 493,
          "pdf_count": 507,
          "size_gb": 402.66
        }
      }
    },
    "RAS Mains 2024 Nirmal Test Series": {
      "mp4_count": 14,
      "pdf_count": 22,
      "size_gb": 2.69,
      "subfolders": {
        "21 PDF 21 Video 22 Test 1 Link": {
          "mp4_count": 14,
          "pdf_count": 22,
          "size_gb": 2.69
        }
      }
    },
    "RAS Mains(English Medium) Notes": {
      "mp4_count": 168,
      "pdf_count": 1,
      "size_gb": 0.05,
      "subfolders": {
        "173 Notes": {
          "mp4_count": 168,
          "pdf_count": 1,
          "size_gb": 0.05
        }
      }
    },
    "RAS Mains(Hindi Medium) Notes": {
      "mp4_count": 188,
      "pdf_count": 19,
      "size_gb": 0.18,
      "subfolders": {
        "21 PDF 191 Notes": {
          "mp4_count": 188,
          "pdf_count": 19,
          "size_gb": 0.18
        }
      }
    },
    "RAS Prelims Test Series 2025-26": {
      "mp4_count": 5,
      "pdf_count": 0,
      "size_gb": 1.37,
      "subfolders": {
        "2 PDF 19 Test": {
          "mp4_count": 5,
          "pdf_count": 0,
          "size_gb": 1.37
        }
      }
    },
    "RAS Prelims(English Medium) Notes & Quiz": {
      "mp4_count": 182,
      "pdf_count": 4,
      "size_gb": 1.97,
      "subfolders": {
        "185 Notes 12 Quiz": {
          "mp4_count": 182,
          "pdf_count": 4,
          "size_gb": 1.97
        }
      }
    },
    "RAS Prelims(Hindi Medium) Notes & Quiz": {
      "mp4_count": 345,
      "pdf_count": 94,
      "size_gb": 36.92,
      "subfolders": {
        "210 Notes 49 Pdf 63 DPP Video Solution 192 Test": {
          "mp4_count": 345,
          "pdf_count": 94,
          "size_gb": 36.92
        }
      }
    },
    "RAS Samagra (Pre+Mains) Batch (From Jaipur Classroom)": {
      "mp4_count": 170,
      "pdf_count": 173,
      "size_gb": 137.65,
      "subfolders": {
        "172 PDF 171 Video 1 Notice 3 Test 1 Live Class Schedule": {
          "mp4_count": 170,
          "pdf_count": 173,
          "size_gb": 137.65
        }
      }
    },
    "RAS Samagra (Pre+Mains) Batch (From Jodhpur Classroom)": {
      "mp4_count": 30,
      "pdf_count": 0,
      "size_gb": 26.05,
      "subfolders": {
        "139 PDF 1 Live Class Schedule 134 Video 1 Notice 6 Test": {
          "mp4_count": 30,
          "pdf_count": 0,
          "size_gb": 26.05
        }
      }
    },
    "RAS Sarathi (Step by Step Strategy) Batch": {
      "mp4_count": 16,
      "pdf_count": 18,
      "size_gb": 3.06,
      "subfolders": {
        "18 PDF 20 Video": {
          "mp4_count": 16,
          "pdf_count": 18,
          "size_gb": 3.06
        }
      }
    },
    "RPSC EO_RO Fateh Batch (From Studio)": {
      "mp4_count": 111,
      "pdf_count": 114,
      "size_gb": 68.04,
      "subfolders": {
        "139 PDF 139 Video 1 Live Class Schedule 1 Notice 6 Test": {
          "mp4_count": 111,
          "pdf_count": 114,
          "size_gb": 68.04
        }
      }
    },
    "Samcommunity Academy Exposed Cybersecurity & Ethical Hacking Masterclass": {
      "mp4_count": 0,
      "pdf_count": 0,
      "size_gb": 0.0,
      "subfolders": {
        "Exposed Cybersecurity & Ethical Hacking Masterclass": {
          "mp4_count": 0,
          "pdf_count": 0,
          "size_gb": 0.0
        }
      }
    },
    "Shree Sawariya Institute 🔥 JOB ही JOB है ✅ Digital Marketing में": {
      "mp4_count": 0,
      "pdf_count": 0,
      "size_gb": 0.0,
      "subfolders": {
        "🔥 JOB ही JOB है ✅ Digital Marketing में ✅ Diploma Course in Digital Marketing": {
          "mp4_count": 0,
          "pdf_count": 0,
          "size_gb": 0.02
        }
      }
    },
    "Singad computer acedemy 🔥 DCDM Diploma Course in Digital Marketing": {
      "mp4_count": 0,
      "pdf_count": 0,
      "size_gb": 0.0,
      "subfolders": {
        "🔥 DCDM-Diploma Course in Digital Marketing": {
          "mp4_count": 0,
          "pdf_count": 0,
          "size_gb": 0.01
        }
      }
    },
    "Solution Pharmacy Medicine Mechanism of Action MBBS Pharmacist and": {
      "mp4_count": 8,
      "pdf_count": 0,
      "size_gb": 0.28,
      "subfolders": {}
    },
    "SpaceingWeb Digital Marketing Course  jxonjh": {
      "mp4_count": 1,
      "pdf_count": 0,
      "size_gb": 0.01,
      "subfolders": {
        "Digital Marketing Course": {
          "mp4_count": 0,
          "pdf_count": 0,
          "size_gb": 0.0
        },
        "Digital Marketing Course#": {
          "mp4_count": 1,
          "pdf_count": 0,
          "size_gb": 0.01
        }
      }
    },
    "SSC & Railway Master Pass": {
      "mp4_count": 3,
      "pdf_count": 3,
      "size_gb": 0.79,
      "subfolders": {
        "3 Video 3 PDF": {
          "mp4_count": 3,
          "pdf_count": 3,
          "size_gb": 0.79
        }
      }
    },
    "SSC CGL Foundation Gaurav Batch (Recorded From Studio)": {
      "mp4_count": 149,
      "pdf_count": 161,
      "size_gb": 70.25,
      "subfolders": {
        "836 PDF 1036 Video 1 Live Class Schedule 128 DPP 49 Test 12 Notes": {
          "mp4_count": 149,
          "pdf_count": 161,
          "size_gb": 70.25
        }
      }
    },
    "SSC CGL Foundation Gaurav Batch 2.0 (From Studio)": {
      "mp4_count": 639,
      "pdf_count": 0,
      "size_gb": 225.26,
      "subfolders": {
        "626 PDF 1 Live Class Schedule 682 Video 37 DPP 45 Test": {
          "mp4_count": 639,
          "pdf_count": 0,
          "size_gb": 225.26
        }
      }
    },
    "Sub Inspector Batch (From Jodhpur Classroom)": {
      "mp4_count": 369,
      "pdf_count": 378,
      "size_gb": 325.96,
      "subfolders": {
        "511 PDF 524 Video 1 Live Class Schedule 1 Notice 23 Test": {
          "mp4_count": 369,
          "pdf_count": 378,
          "size_gb": 325.96
        }
      }
    },
    "Sub Inspector Complete Notes & DPP": {
      "mp4_count": 293,
      "pdf_count": 129,
      "size_gb": 15.73,
      "subfolders": {
        "275 Notes 242 Test 17 PDF": {
          "mp4_count": 293,
          "pdf_count": 129,
          "size_gb": 15.73
        }
      }
    },
    "The 10 Minute Show-Daily Quiz & DCA-Weekly Quiz": {
      "mp4_count": 75,
      "pdf_count": 95,
      "size_gb": 19.84,
      "subfolders": {
        "3 PDF 184 Test 1 Link 1 Video": {
          "mp4_count": 75,
          "pdf_count": 95,
          "size_gb": 19.84
        }
      }
    },
    "TRISHA INSTITUTE OF BIOLOGY PHARMACY SEMESTER 1 HUMAN ANATOMY AND": {
      "mp4_count": 0,
      "pdf_count": 0,
      "size_gb": 0.0,
      "subfolders": {
        "PHARMACY (SEMESTER-1": {
          "mp4_count": 0,
          "pdf_count": 0,
          "size_gb": 0.02
        }
      }
    },
    "Udit Pharmacy Classes Biochemistry and Clinical Pathology D Pharma": {
      "mp4_count": 5,
      "pdf_count": 0,
      "size_gb": 0.84,
      "subfolders": {
        "Biochemistry and Clinical Pathology (D.Pharma 2nd Year": {
          "mp4_count": 5,
          "pdf_count": 0,
          "size_gb": 0.84
        }
      }
    },
    "Udit Pharmacy Classes Community Pharmacy and Management D Pharma": {
      "mp4_count": 10,
      "pdf_count": 0,
      "size_gb": 0.59,
      "subfolders": {
        "Community Pharmacy and Management (D.Pharma 2nd Year": {
          "mp4_count": 10,
          "pdf_count": 0,
          "size_gb": 0.59
        }
      }
    },
    "Udit Pharmacy Classes D Pharma 1st Year Full Course By Udit Pharmacy": {
      "mp4_count": 278,
      "pdf_count": 2,
      "size_gb": 48.57,
      "subfolders": {
        "D.Pharma 1st Year Full Course By Udit Pharmacy (New Batch 2025-26": {
          "mp4_count": 278,
          "pdf_count": 1,
          "size_gb": 48.61
        }
      }
    },
    "Udit Pharmacy Classes D Pharma 2nd Year E book PDF Notes By Udit": {
      "mp4_count": 0,
      "pdf_count": 1,
      "size_gb": 0.0,
      "subfolders": {
        "D.Pharma 2nd Year E-book PDF Notes By Udit Pharmacy": {
          "mp4_count": 0,
          "pdf_count": 1,
          "size_gb": 0.0
        }
      }
    },
    "Udit Pharmacy Classes D Pharma 2nd Year Full Course By Udit Pharmacy": {
      "mp4_count": 281,
      "pdf_count": 3,
      "size_gb": 39.93,
      "subfolders": {
        "D.Pharma 2nd Year Full Course By Udit Pharmacy (New Batch 2025-26": {
          "mp4_count": 281,
          "pdf_count": 2,
          "size_gb": 39.96
        }
      }
    },
    "Udit Pharmacy Classes Government Pharmacist Vacancy Pharmacist Competative": {
      "mp4_count": 101,
      "pdf_count": 0,
      "size_gb": 7.63,
      "subfolders": {
        "Government Pharmacist Vacancy (Pharmacist Competative Exam": {
          "mp4_count": 101,
          "pdf_count": 0,
          "size_gb": 7.66
        }
      }
    },
    "Udit Pharmacy Classes Hospital and Clinical Pharmacy {ER 2020} D": {
      "mp4_count": 0,
      "pdf_count": 0,
      "size_gb": 0.0,
      "subfolders": {
        "Hospital and  Clinical Pharmacy {ER-2020} [D Pharma 2nd Year]": {
          "mp4_count": 0,
          "pdf_count": 0,
          "size_gb": 0.0
        }
      }
    },
    "Udit Pharmacy Classes Human Anatomy and Physiology D Pharma 1st": {
      "mp4_count": 2,
      "pdf_count": 0,
      "size_gb": 0.21,
      "subfolders": {
        "Human Anatomy and Physiology (D.Pharma": {
          "mp4_count": 2,
          "pdf_count": 0,
          "size_gb": 0.21
        }
      }
    },
    "Udit Pharmacy Classes Pharmaceutical chemistry D Pharma 1st year": {
      "mp4_count": 64,
      "pdf_count": 0,
      "size_gb": 7.92,
      "subfolders": {
        "Pharmaceutical chemistry (D.Pharma": {
          "mp4_count": 64,
          "pdf_count": 0,
          "size_gb": 7.93
        }
      }
    },
    "Udit Pharmacy Classes Pharmacognosy D Pharma 1st year awtcb": {
      "mp4_count": 2,
      "pdf_count": 0,
      "size_gb": 0.37,
      "subfolders": {
        "Pharmacognosy (D.Pharma": {
          "mp4_count": 2,
          "pdf_count": 0,
          "size_gb": 0.37
        }
      }
    },
    "Udit Pharmacy Classes Pharmacology (D.Pharma 2nd Year) awtcb": {
      "mp4_count": 14,
      "pdf_count": 0,
      "size_gb": 3.17,
      "subfolders": {
        "Pharmacology (D.Pharma 2nd Year": {
          "mp4_count": 14,
          "pdf_count": 0,
          "size_gb": 3.17
        }
      }
    },
    "Udit Pharmacy Classes Pharmacotherapeutics D Pharma 2nd Year awtcb": {
      "mp4_count": 2,
      "pdf_count": 0,
      "size_gb": 0.49,
      "subfolders": {
        "Pharmacotherapeutics (D.Pharma 2nd Year": {
          "mp4_count": 2,
          "pdf_count": 0,
          "size_gb": 0.49
        }
      }
    },
    "Udit Pharmacy Classes Pharmacy Law and Ethics D Pharma 2nd Year": {
      "mp4_count": 10,
      "pdf_count": 0,
      "size_gb": 1.08,
      "subfolders": {
        "Pharmacy Law and Ethics [D Pharma 2nd Year]": {
          "mp4_count": 10,
          "pdf_count": 0,
          "size_gb": 1.08
        }
      }
    },
    "Udit Pharmacy Classes Social Pharmacy D Pharma 1st year awtcb": {
      "mp4_count": 0,
      "pdf_count": 0,
      "size_gb": 0.0,
      "subfolders": {
        "Social Pharmacy (D.Pharma": {
          "mp4_count": 0,
          "pdf_count": 0,
          "size_gb": 0.0
        }
      }
    },
    "Umesh Arora 'English Guru' Digital Marketing Beginners to Advance": {
      "mp4_count": 0,
      "pdf_count": 0,
      "size_gb": 0.0,
      "subfolders": {}
    },
    "Umesh Arora 'English Guru' 🔥 DCDM Diploma Course in Digital Marketing": {
      "mp4_count": 0,
      "pdf_count": 0,
      "size_gb": 0.0,
      "subfolders": {
        "🔥 DCDM-Diploma Course in Digital Marketing": {
          "mp4_count": 0,
          "pdf_count": 0,
          "size_gb": 0.01
        }
      }
    },
    "UPSC CSE Adhyayan Series Youtube Batch": {
      "mp4_count": 69,
      "pdf_count": 65,
      "size_gb": 12.48,
      "subfolders": {
        "66 PDF 72 Video": {
          "mp4_count": 69,
          "pdf_count": 65,
          "size_gb": 12.64
        }
      }
    },
    "UPSC CSE Nishchay MCQ Series Youtube Batch": {
      "mp4_count": 69,
      "pdf_count": 33,
      "size_gb": 9.24,
      "subfolders": {
        "122 PDF 143 Video": {
          "mp4_count": 69,
          "pdf_count": 33,
          "size_gb": 9.24
        }
      }
    },
    "UPSC Foundation 2026 (उड़ान) Batch (From Studio)": {
      "mp4_count": 481,
      "pdf_count": 453,
      "size_gb": 310.3,
      "subfolders": {
        "471 PDF 1 Live Class Schedule 472 Video": {
          "mp4_count": 481,
          "pdf_count": 453,
          "size_gb": 310.3
        }
      }
    },
    "UPSC Prelims (मंथन) 2025 Test Series": {
      "mp4_count": 6,
      "pdf_count": 17,
      "size_gb": 1.25,
      "subfolders": {
        "3 PDF 1 Video 23 Test": {
          "mp4_count": 6,
          "pdf_count": 17,
          "size_gb": 1.25
        }
      }
    },
    "Utkarsh Monthly Magazine": {
      "mp4_count": 0,
      "pdf_count": 61,
      "size_gb": 0.95,
      "subfolders": {
        "61 PDF": {
          "mp4_count": 0,
          "pdf_count": 61,
          "size_gb": 0.95
        }
      }
    },
    "Utkarsh Monthly Magazine(English Medium)": {
      "mp4_count": 0,
      "pdf_count": 32,
      "size_gb": 0.61,
      "subfolders": {
        "31 PDF": {
          "mp4_count": 0,
          "pdf_count": 32,
          "size_gb": 0.61
        }
      }
    },
    "Vidura Academy Advance Digital Marketing Course with 20+ Advanced": {
      "mp4_count": 0,
      "pdf_count": 0,
      "size_gb": 0.0,
      "subfolders": {}
    },
    "Vidura Academy DCDM🔥 JOB ही JOB है ✅ Digital Marketing में ✅ Diploma": {
      "mp4_count": 0,
      "pdf_count": 0,
      "size_gb": 0.0,
      "subfolders": {
        "DCDM🔥 JOB ही JOB है ✅ Digital Marketing में ✅ Diploma Course in Digital Marketing": {
          "mp4_count": 0,
          "pdf_count": 0,
          "size_gb": 0.02
        }
      }
    },
    "Vidura Academy Digital Marketing Beginners to Advance Level cqyqp": {
      "mp4_count": 0,
      "pdf_count": 0,
      "size_gb": 0.0,
      "subfolders": {}
    },
    "Vidura Academy Digital Marketing Facebook and YouTube Advertising": {
      "mp4_count": 0,
      "pdf_count": 0,
      "size_gb": 0.0,
      "subfolders": {
        "Digital Marketing- Facebook and YouTube Advertising": {
          "mp4_count": 0,
          "pdf_count": 0,
          "size_gb": 0.01
        }
      }
    },
    "Vidura Academy 🔥 ADDM Advanced Diploma Digital Marketing 🔥 cqyqp": {
      "mp4_count": 0,
      "pdf_count": 0,
      "size_gb": 0.0,
      "subfolders": {
        "🔥 (ADDM": {
          "mp4_count": 0,
          "pdf_count": 0,
          "size_gb": 0.01
        }
      }
    },
    "We Make Creators No. 1 Digital Marketing Course hsmtp": {
      "mp4_count": 0,
      "pdf_count": 0,
      "size_gb": 0.0,
      "subfolders": {
        "No. 1 Digital Marketing Course": {
          "mp4_count": 0,
          "pdf_count": 0,
          "size_gb": 0.06
        }
      }
    },
    "YD Baba University AI & Digital Marketing Mastery for Students mubzvf": {
      "mp4_count": 2,
      "pdf_count": 0,
      "size_gb": 0.45,
      "subfolders": {
        "AI & Digital Marketing Mastery for Students": {
          "mp4_count": 2,
          "pdf_count": 0,
          "size_gb": 0.45
        }
      }
    }
  },
  "summary": {
    "total_folders": 141,
    "total_mp4": 9527,
    "total_pdf": 4236,
    "total_size_gb": 3087.62
  }
}